id,title,post,text,upvotes,date,emotions,label_id,split,num_labels,label_combination,word_count,normalized_text,canonical_labels
fiimgh,I finally told my mom,"I am 19M and just told my mom about the sexual abuse from when I was 12 that I kept a secret for years. I also told her the PTSD I have from it. She was very supportive and loving, and made me promise to give her a big hug when I saw her next, which I obviously did. It’s still a big struggle, but having her unconditional love and support means the world to me. She said she would move heaven and earth to help me. It was really hard to tell her, so I had to by writing a letter, putting it on her bed and going to a friends house.","I finally told my mom ### I am 19M and just told my mom about the sexual abuse from when I was 12 that I kept a secret for years. I also told her the PTSD I have from it. She was very supportive and loving, and made me promise to give her a big hug when I saw her next, which I obviously did. It’s still a big struggle, but having her unconditional love and support means the world to me. She said she would move heaven and earth to help me. It was really hard to tell her, so I had to by writing a letter, putting it on her bed and going to a friends house.",147.0,2020-03-14 13:49:14,['sadness'],100,train,1,"('sadness',)",119,"i finally told my mom ### i am 19m and just told my mom about the sexual abuse from when i was 12 that i kept a secret for years. i also told her the ptsd i have from it. she was very supportive and loving, and made me promise to give her a big hug when i saw her next, which i obviously did. it’s still a big struggle, but having her unconditional love and support means the world to me. she said she would move heaven and earth to help me. it was really hard to tell her, so i had to by writing a letter, putting it on her bed and going to a friends house.","('sadness',)"
fiim31,I finally told my mom,"I am 19M and just told my mom about the sexual abuse from when I was 12 that I kept a secret for years. I also told her the PTSD I have from it. She was very supportive and loving, and made me promise to give her a big hug when I saw her next, which I obviously did. It’s still a big struggle, but having her unconditional love and support means the world to me. She said she would move heaven and earth to help me. It was really hard to tell her, so I had to by writing a letter, putting it on her bed and going to a friends house.","I finally told my mom ### I am 19M and just told my mom about the sexual abuse from when I was 12 that I kept a secret for years. I also told her the PTSD I have from it. She was very supportive and loving, and made me promise to give her a big hug when I saw her next, which I obviously did. It’s still a big struggle, but having her unconditional love and support means the world to me. She said she would move heaven and earth to help me. It was really hard to tell her, so I had to by writing a letter, putting it on her bed and going to a friends house.",408.0,2020-03-14 13:48:25,['sadness'],100,train,1,"('sadness',)",119,"i finally told my mom ### i am 19m and just told my mom about the sexual abuse from when i was 12 that i kept a secret for years. i also told her the ptsd i have from it. she was very supportive and loving, and made me promise to give her a big hug when i saw her next, which i obviously did. it’s still a big struggle, but having her unconditional love and support means the world to me. she said she would move heaven and earth to help me. it was really hard to tell her, so i had to by writing a letter, putting it on her bed and going to a friends house.","('sadness',)"
11dpq7q,I NEED SOMEONE TO TALK TO,PLEASE HELP ME,I NEED SOMEONE TO TALK TO ### PLEASE HELP ME,2.0,2023-02-27 23:01:39,['loneliness'],1000,test,1,"('loneliness',)",10,i need someone to talk to ### please help me,"('loneliness',)"
11v59cz,I NEED SOMEONE TO TALK TO,PLEASE HELP ME,I NEED SOMEONE TO TALK TO ### PLEASE HELP ME,7.0,2023-03-19 00:01:32,['loneliness'],1000,train,1,"('loneliness',)",10,i need someone to talk to ### please help me,"('loneliness',)"
mremnc,Join us if you have any mental health experiences or are feeling lonely,"We are a close knitted group that does not discriminate against anyone with mental health experiences and conditions

Life is already hard enough

This is a safe space and a lovely community for you to talk about your mental health experiences and relationship experiences without feeling unsafe, threatened or judged.

\>> [https://t.me/huddlehumans](https://t.me/huddlehumans) <<

Join us and be part of the huddle family. We welcome you with open arms, always.

\- non-profit and run by people who believe in the cause of eradicating mental health stigma","Join us if you have any mental health experiences or are feeling lonely ### We are a close knitted group that does not discriminate against anyone with mental health experiences and conditions Life is already hard enough This is a safe space and a lovely community for you to talk about your mental health experiences and relationship experiences without feeling unsafe, threatened or judged. \>> [https://t.me/huddlehumans](https://t.me/huddlehumans) << Join us and be part of the huddle family. We welcome you with open arms, always. \- non-profit and run by people who believe in the cause of eradicating mental health stigma",17.0,2021-04-15 13:26:39,['loneliness'],1000,train,1,"('loneliness',)",99,"join us if you have any mental health experiences or are feeling lonely ### we are a close knitted group that does not discriminate against anyone with mental health experiences and conditions life is already hard enough this is a safe space and a lovely community for you to talk about your mental health experiences and relationship experiences without feeling unsafe, threatened or judged. \>> [https://t.me/huddlehumans](https://t.me/huddlehumans) << join us and be part of the huddle family. we welcome you with open arms, always. \- non-profit and run by people who believe in the cause of eradicating mental health stigma","('loneliness',)"
mtyysh,Join us if you have any mental health experiences or are feeling lonely," We are a close knitted group that does not discriminate against anyone with mental health experiences and conditions

Life is already hard enough

This is a safe space and a lovely community for you to talk about your mental health experiences and relationship experiences without feeling unsafe, threatened or judged.

\>> [https://t.me/huddlehumans](https://t.me/huddlehumans) <<

Join us and be part of the huddle family. We welcome you with open arms, always.

\- non-profit and run by people who believe in the cause of eradicating mental health stigma","Join us if you have any mental health experiences or are feeling lonely ### We are a close knitted group that does not discriminate against anyone with mental health experiences and conditions Life is already hard enough This is a safe space and a lovely community for you to talk about your mental health experiences and relationship experiences without feeling unsafe, threatened or judged. \>> [https://t.me/huddlehumans](https://t.me/huddlehumans) << Join us and be part of the huddle family. We welcome you with open arms, always. \- non-profit and run by people who believe in the cause of eradicating mental health stigma",13.0,2021-04-19 11:55:25,['loneliness'],1000,train,1,"('loneliness',)",99,"join us if you have any mental health experiences or are feeling lonely ### we are a close knitted group that does not discriminate against anyone with mental health experiences and conditions life is already hard enough this is a safe space and a lovely community for you to talk about your mental health experiences and relationship experiences without feeling unsafe, threatened or judged. \>> [https://t.me/huddlehumans](https://t.me/huddlehumans) << join us and be part of the huddle family. we welcome you with open arms, always. \- non-profit and run by people who believe in the cause of eradicating mental health stigma","('loneliness',)"
16hygfy,Loneliness,I am just so triggered by everyone disappointing me. I can’t depend on anyone. Just shut myself away and never talk to anyone again. I expect too much of others or maybe people are just shitty and suck. I am just so sick of being zero priority in everyone’s life. I am sick of being alone.,Loneliness ### I am just so triggered by everyone disappointing me. I can’t depend on anyone. Just shut myself away and never talk to anyone again. I expect too much of others or maybe people are just shitty and suck. I am just so sick of being zero priority in everyone’s life. I am sick of being alone.,6.0,2023-09-13 20:51:19,"['loneliness', 'emptiness', 'sadness', 'hopelessness', 'worthlessness', 'brain dysfunction (forget)', 'suicide intent']",1111111,train,7,"('brain dysfunction (forget)', 'emptiness', 'hopelessness', 'loneliness', 'sadness', 'suicide intent', 'worthlessness')",58,loneliness ### i am just so triggered by everyone disappointing me. i can’t depend on anyone. just shut myself away and never talk to anyone again. i expect too much of others or maybe people are just shitty and suck. i am just so sick of being zero priority in everyone’s life. i am sick of being alone.,"('brain dysfunction (forget)', 'emptiness', 'hopelessness', 'loneliness', 'sadness', 'suicide intent', 'worthlessness')"
16hygan,Loneliness,I am just so triggered by everyone disappointing me. I can’t depend on anyone. Just shut myself away and never talk to anyone again. I expect too much of others or maybe people are just shitty and suck. I am just so sick of being zero priority in everyone’s life. I am sick of being alone.,Loneliness ### I am just so triggered by everyone disappointing me. I can’t depend on anyone. Just shut myself away and never talk to anyone again. I expect too much of others or maybe people are just shitty and suck. I am just so sick of being zero priority in everyone’s life. I am sick of being alone.,5.0,2023-09-13 20:51:10,"['loneliness', 'emptiness', 'sadness', 'hopelessness', 'worthlessness', 'brain dysfunction (forget)', 'suicide intent']",1111111,train,7,"('brain dysfunction (forget)', 'emptiness', 'hopelessness', 'loneliness', 'sadness', 'suicide intent', 'worthlessness')",58,loneliness ### i am just so triggered by everyone disappointing me. i can’t depend on anyone. just shut myself away and never talk to anyone again. i expect too much of others or maybe people are just shitty and suck. i am just so sick of being zero priority in everyone’s life. i am sick of being alone.,"('brain dysfunction (forget)', 'emptiness', 'hopelessness', 'loneliness', 'sadness', 'suicide intent', 'worthlessness')"
110xvlz,my dad called me and faked overdosing / suicide until i cried and he started laughing saying he was kidding.,i feel completely assaulted. he’s not normally in my life but my grandpa (moms dad who took me in as his daughter) just died almost 2 months ago. so i’ve been feeling confused and unblocked him. and he does this just for fun. my brain hurts. just so upset,my dad called me and faked overdosing / suicide until i cried and he started laughing saying he was kidding. ### i feel completely assaulted. he’s not normally in my life but my grandpa (moms dad who took me in as his daughter) just died almost 2 months ago. so i’ve been feeling confused and unblocked him. and he does this just for fun. my brain hurts. just so upset,156.0,2023-02-13 03:11:37,"['suicide intent', 'sadness', 'brain dysfunction (forget)', 'anger', 'hopelessness', 'worthlessness']",11010111,test,6,"('anger', 'brain dysfunction (forget)', 'hopelessness', 'sadness', 'suicide intent', 'worthlessness')",70,my dad called me and faked overdosing / suicide until i cried and he started laughing saying he was kidding. ### i feel completely assaulted. he’s not normally in my life but my grandpa (moms dad who took me in as his daughter) just died almost 2 months ago. so i’ve been feeling confused and unblocked him. and he does this just for fun. my brain hurts. just so upset,"('anger', 'brain dysfunction (forget)', 'hopelessness', 'sadness', 'suicide intent', 'worthlessness')"
110wqbk,my dad called me and faked overdosing / suicide until i cried and he started laughing saying he was kidding.,i feel completely assaulted. he’s not normally in my life but my grandpa (moms dad who took me in as his daughter) just died almost 2 months ago. so i’ve been feeling confused and unblocked him. and he does this just for fun. my brain hurts. just so upset,my dad called me and faked overdosing / suicide until i cried and he started laughing saying he was kidding. ### i feel completely assaulted. he’s not normally in my life but my grandpa (moms dad who took me in as his daughter) just died almost 2 months ago. so i’ve been feeling confused and unblocked him. and he does this just for fun. my brain hurts. just so upset,42.0,2023-02-13 02:10:56,"['suicide intent', 'sadness', 'brain dysfunction (forget)', 'anger', 'hopelessness', 'worthlessness']",11010111,train,6,"('anger', 'brain dysfunction (forget)', 'hopelessness', 'sadness', 'suicide intent', 'worthlessness')",70,my dad called me and faked overdosing / suicide until i cried and he started laughing saying he was kidding. ### i feel completely assaulted. he’s not normally in my life but my grandpa (moms dad who took me in as his daughter) just died almost 2 months ago. so i’ve been feeling confused and unblocked him. and he does this just for fun. my brain hurts. just so upset,"('anger', 'brain dysfunction (forget)', 'hopelessness', 'sadness', 'suicide intent', 'worthlessness')"
15wmhj5,"To be blunt, I'm a lonely physically disabled guy (33). Looking for a kind woman to talk to, maybe you're feeling alone too?"," Yep,   that's about it. I'm perpetually single and and incessantly lonely.   Maybe there's a nice girl out there who'd like to talk? It's not easy to   get out, being in a wheelchair from Muscular Dystrophy. It sucks. I   like to stay in, play games, watch anime, watch sports/tv/movies. I   guess I'm a history nerd & love stand up comedy. Very shy at first   but very affectionate, empathetic, attentive and loyal. Just looking for   a kind woman to talk to and potentially get to know, see what happens . I'm from North   Carolina if it matters.","To be blunt, I'm a lonely physically disabled guy (33). Looking for a kind woman to talk to, maybe you're feeling alone too? ### Yep, that's about it. I'm perpetually single and and incessantly lonely. Maybe there's a nice girl out there who'd like to talk? It's not easy to get out, being in a wheelchair from Muscular Dystrophy. It sucks. I like to stay in, play games, watch anime, watch sports/tv/movies. I guess I'm a history nerd & love stand up comedy. Very shy at first but very affectionate, empathetic, attentive and loyal. Just looking for a kind woman to talk to and potentially get to know, see what happens . I'm from North Carolina if it matters.",10.0,2023-08-20 20:47:37,"['loneliness', 'emptiness', 'sadness']",101100,train,3,"('emptiness', 'loneliness', 'sadness')",119,"to be blunt, i'm a lonely physically disabled guy (33). looking for a kind woman to talk to, maybe you're feeling alone too? ### yep, that's about it. i'm perpetually single and and incessantly lonely. maybe there's a nice girl out there who'd like to talk? it's not easy to get out, being in a wheelchair from muscular dystrophy. it sucks. i like to stay in, play games, watch anime, watch sports/tv/movies. i guess i'm a history nerd & love stand up comedy. very shy at first but very affectionate, empathetic, attentive and loyal. just looking for a kind woman to talk to and potentially get to know, see what happens . i'm from north carolina if it matters.","('emptiness', 'loneliness', 'sadness')"
16256nv,"To be blunt, I'm a lonely physically disabled guy (33). Looking for a kind woman to talk to, maybe you're feeling alone too?"," 

Yep,    that's about it. I'm perpetually single and and incessantly lonely.    Maybe there's a nice girl out there who'd like to talk? It's not easy  to   get out, being in a wheelchair from Muscular Dystrophy. It sucks. I    like to stay in, play games, watch anime, watch sports/tv/movies. I    guess I'm a history nerd & love stand up comedy. Very shy at first    but very affectionate, empathetic, attentive and loyal. Just looking  for   a kind woman to talk to and potentially get to know, see what  happens . I'm from North   Carolina if it matters.","To be blunt, I'm a lonely physically disabled guy (33). Looking for a kind woman to talk to, maybe you're feeling alone too? ### Yep, that's about it. I'm perpetually single and and incessantly lonely. Maybe there's a nice girl out there who'd like to talk? It's not easy to get out, being in a wheelchair from Muscular Dystrophy. It sucks. I like to stay in, play games, watch anime, watch sports/tv/movies. I guess I'm a history nerd & love stand up comedy. Very shy at first but very affectionate, empathetic, attentive and loyal. Just looking for a kind woman to talk to and potentially get to know, see what happens . I'm from North Carolina if it matters.",6.0,2023-08-26 20:06:23,"['loneliness', 'emptiness', 'sadness', 'hopelessness']",111100,train,4,"('emptiness', 'hopelessness', 'loneliness', 'sadness')",119,"to be blunt, i'm a lonely physically disabled guy (33). looking for a kind woman to talk to, maybe you're feeling alone too? ### yep, that's about it. i'm perpetually single and and incessantly lonely. maybe there's a nice girl out there who'd like to talk? it's not easy to get out, being in a wheelchair from muscular dystrophy. it sucks. i like to stay in, play games, watch anime, watch sports/tv/movies. i guess i'm a history nerd & love stand up comedy. very shy at first but very affectionate, empathetic, attentive and loyal. just looking for a kind woman to talk to and potentially get to know, see what happens . i'm from north carolina if it matters.","('emptiness', 'hopelessness', 'loneliness', 'sadness')"
