Split,Column,Missing_Count,Missing_Percentage
Train,id,0,0.0
Train,title,0,0.0
Train,post,0,0.0
Train,text,0,0.0
Train,upvotes,0,0.0
Train,date,0,0.0
Train,emotions,0,0.0
Train,label_id,0,0.0
Validation,id,0,0.0
Validation,title,0,0.0
Validation,post,0,0.0
Validation,text,0,0.0
Validation,upvotes,1,0.11037527593818984
Validation,date,0,0.0
Validation,emotions,0,0.0
Validation,label_id,0,0.0
Test,id,0,0.0
Test,title,0,0.0
Test,post,0,0.0
Test,text,0,0.0
Test,upvotes,0,0.0
Test,date,0,0.0
Test,emotions,0,0.0
Test,label_id,0,0.0
