Model,Max_Length,Samples_Within,Samples_Truncated,Coverage_%
BERT,128,2169,2046,51.45907473309609
BERT,256,4183,32,99.24080664294188
BERT,512,4214,1,99.97627520759194
RoBERTa,128,2241,1974,53.167259786476876
RoBERTa,256,4179,36,99.14590747330962
RoBERTa,512,4215,0,100.0
MentalBERT,128,2169,2046,51.45907473309609
MentalBERT,256,4183,32,99.24080664294188
MentalBERT,512,4214,1,99.97627520759194
ClinicalBERT,128,2140,2075,50.77105575326216
ClinicalBERT,256,4160,55,98.69513641755636
ClinicalBERT,512,4214,1,99.97627520759194
