Model,Emotion,Precision,Recall,F1,Specificity,NPV,Balanced_Accuracy,ROC_AUC,Average_Precision,Support,TN,FP,FN,TP
BERT,anger,0.7492795389048992,0.7536231884057971,0.7514450867052023,0.8449197860962567,0.8479427549194991,0.7992714872510269,0.8675010979358804,0.8321293155598379,345,474,87,85,260
BERT,brain dysfunction (forget),0.4892086330935252,0.39766081871345027,0.43870967741935485,0.9034013605442177,0.8657105606258149,0.650531089628834,0.8002824521621514,0.521956246684649,171,664,71,103,68
BERT,emptiness,0.7312661498708011,0.8299120234604106,0.7774725274725275,0.815929203539823,0.8882466281310212,0.8229206135001168,0.8981807801105546,0.8548124794537144,341,461,104,58,283
BERT,hopelessness,0.8260869565217391,0.9290220820189274,0.874536005939124,0.5441176470588235,0.7668393782383419,0.7365698645388754,0.8789896084616811,0.9428367809521171,634,148,124,45,589
BERT,loneliness,0.811529933481153,0.8714285714285714,0.8404133180252583,0.8251028806584362,0.8813186813186813,0.8482657260435038,0.9227782676856752,0.9189977332278446,420,401,85,54,366
BERT,sadness,0.8345771144278606,0.9626972740315638,0.894070619586942,0.36363636363636365,0.7450980392156863,0.6631668188339637,0.8741015836840046,0.9563115849658173,697,76,133,26,671
BERT,suicide intent,0.7831325301204819,0.8405172413793104,0.8108108108108109,0.9198813056379822,0.943683409436834,0.8801992735086464,0.9470799652102732,0.8838236266359242,232,620,54,37,195
BERT,worthlessness,0.7434343434343434,0.847926267281106,0.7922497308934338,0.7309322033898306,0.8394160583941606,0.7894292353354683,0.8728471842536906,0.8597407722082246,434,345,127,66,368
RoBERTa,anger,0.731457800511509,0.8289855072463768,0.7771739130434783,0.8128342245989305,0.8854368932038835,0.8209098659226537,0.8920741946317394,0.8591227383679579,345,456,105,59,286
RoBERTa,brain dysfunction (forget),0.5396825396825397,0.5964912280701754,0.5666666666666667,0.8816326530612245,0.9037656903765691,0.7390619405657,0.8435970879579902,0.6066236941051097,171,648,87,69,102
RoBERTa,emptiness,0.7301980198019802,0.8651026392961877,0.7919463087248322,0.8070796460176991,0.9083665338645418,0.8360911426569434,0.9138037526276178,0.8681144059965342,341,456,109,46,295
RoBERTa,hopelessness,0.8396624472573839,0.9416403785488959,0.8877323420074349,0.5808823529411765,0.8102564102564103,0.7612613657450362,0.8943101688624976,0.9488234299856,634,158,114,37,597
RoBERTa,loneliness,0.7939914163090128,0.8809523809523809,0.835214446952596,0.8024691358024691,0.8863636363636364,0.841710758377425,0.9281133646874388,0.9309857770094023,420,390,96,50,370
RoBERTa,sadness,0.8458646616541353,0.9684361549497847,0.903010033444816,0.41148325358851673,0.7962962962962963,0.6899597042691508,0.8931545310386964,0.9635128687259475,697,86,123,22,675
RoBERTa,suicide intent,0.7307692307692307,0.9008620689655172,0.806949806949807,0.8857566765578635,0.9629032258064516,0.8933093727616903,0.9588310907602579,0.8947246215842737,232,597,77,23,209
RoBERTa,worthlessness,0.745136186770428,0.8824884792626728,0.8080168776371308,0.722457627118644,0.8698979591836735,0.8024730531906584,0.8982172147153011,0.8943459974749695,434,341,131,51,383
MentalBERT,anger,0.7158176943699732,0.7739130434782608,0.7437325905292479,0.8110516934046346,0.8536585365853658,0.7924823684414477,0.8688651218062984,0.8334514053027745,345,455,106,78,267
MentalBERT,brain dysfunction (forget),0.5705882352941176,0.5672514619883041,0.5689149560117303,0.9006802721088435,0.8994565217391305,0.7339658670485738,0.8476071130206468,0.6132867751162574,171,662,73,74,97
MentalBERT,emptiness,0.7338501291989664,0.8328445747800587,0.7802197802197802,0.8176991150442477,0.8901734104046243,0.8252718449121532,0.898250849920847,0.8585446210277612,341,462,103,57,284
MentalBERT,hopelessness,0.8352112676056338,0.9353312302839116,0.8824404761904762,0.5698529411764706,0.7908163265306123,0.7525920857301911,0.8795086054926703,0.9418146373381072,634,155,117,41,593
MentalBERT,loneliness,0.8,0.8476190476190476,0.823121387283237,0.8168724279835391,0.8611713665943601,0.8322457378012933,0.9177028218694886,0.9208224734448197,420,397,89,64,356
MentalBERT,sadness,0.8308641975308642,0.9655667144906743,0.8931652289316523,0.3444976076555024,0.75,0.6550321610730884,0.8775957109416296,0.9578256150384052,697,72,137,24,673
MentalBERT,suicide intent,0.7606177606177607,0.8491379310344828,0.8024439918533605,0.9080118694362018,0.9459041731066461,0.8785749002353422,0.9522568556226338,0.89120394535075,232,612,62,35,197
MentalBERT,worthlessness,0.734251968503937,0.8594470046082949,0.7919320594479831,0.7139830508474576,0.8467336683417085,0.7867150277278763,0.8793568890103882,0.8770306562640103,434,337,135,61,373
ClinicalBERT,anger,0.6453900709219859,0.7913043478260869,0.7109375,0.732620320855615,0.8509316770186336,0.761962334340851,0.8389521816631791,0.7803501450806518,345,411,150,72,273
ClinicalBERT,brain dysfunction (forget),0.562962962962963,0.4444444444444444,0.49673202614379086,0.9197278911564626,0.8767833981841764,0.6820861678004535,0.8005489915264351,0.5263056775306799,171,676,59,95,76
ClinicalBERT,emptiness,0.6855670103092784,0.7800586510263929,0.7297668038408779,0.784070796460177,0.8552123552123552,0.782064723743285,0.8675369164093114,0.818856820170881,341,443,122,75,266
ClinicalBERT,hopelessness,0.8010899182561307,0.9274447949526814,0.8596491228070176,0.4632352941176471,0.7325581395348837,0.6953400445351643,0.8502476108740026,0.9296640410889184,634,126,146,46,588
ClinicalBERT,loneliness,0.7751091703056768,0.8452380952380952,0.8086560364464692,0.7880658436213992,0.8549107142857143,0.8166519694297472,0.8993851655888694,0.9019315574466458,420,383,103,65,355
ClinicalBERT,sadness,0.8032786885245902,0.9842180774748924,0.8845905867182463,0.19617224880382775,0.7884615384615384,0.59019516313936,0.8400012356442167,0.9409730212121412,697,41,168,11,686
ClinicalBERT,suicide intent,0.7303370786516854,0.8405172413793104,0.781563126252505,0.8931750741839762,0.9420970266040689,0.8668461577816433,0.930353397114499,0.8523123650543997,232,602,72,37,195
ClinicalBERT,worthlessness,0.6841121495327103,0.8433179723502304,0.7554179566563467,0.6419491525423728,0.816711590296496,0.7426335624463016,0.8425491095836914,0.8319135847551555,434,303,169,68,366
