feature,feature_index,svm_coefficient,svm_abs_coefficient,svm_abs_rank,lr_coefficient,lr_abs_coefficient,lr_abs_rank
lonely,10028,-10.742944061168108,10.742944061168108,1,-16.210376739501953,16.210376739501953,2
depression,4162,8.584717176830921,8.584717176830921,2,18.725988388061523,18.725988388061523,1
loneliness,10025,-7.3730067047765555,7.3730067047765555,3,-12.559508323669434,12.559508323669434,3
depressed,4129,6.130281492443815,6.130281492443815,4,11.546642303466797,11.546642303466797,4
my depression,11163,2.5882584056715694,2.5882584056715694,9,4.056408882141113,4.056408882141113,14
my loneliness,11255,-2.4961609160984963,2.4961609160984963,13,-4.05380916595459,4.05380916595459,15
being lonely,2516,-1.976308093358513,1.976308093358513,30,-2.807813882827759,2.807813882827759,57
depressive,4206,1.953344239068705,1.953344239068705,33,5.3435492515563965,5.3435492515563965,7
with depression,19351,1.942917063501654,1.942917063501654,34,4.2678375244140625,4.2678375244140625,12
lonely for,10038,-1.6917184473660185,1.6917184473660185,54,-2.604060173034668,2.604060173034668,70
lonely people,10046,-1.5158703461631222,1.5158703461631222,69,-2.1375348567962646,2.1375348567962646,143
be lonely,2199,-1.513266989820208,1.513266989820208,71,-2.0448131561279297,2.0448131561279297,160
of loneliness,12132,-1.4836608355156877,1.4836608355156877,74,-2.6393966674804688,2.6393966674804688,68
lonely is,10041,-1.352346412097594,1.352346412097594,86,-1.8240323066711426,1.8240323066711426,224
been lonely,2402,-1.3128608197766565,1.3128608197766565,94,-1.9575456380844116,1.9575456380844116,183
lonely because,10033,-1.1796711903128503,1.1796711903128503,121,-1.6545672416687012,1.6545672416687012,296
lonely that,10048,-1.1668020965392834,1.1668020965392834,126,-1.585634708404541,1.585634708404541,331
how lonely,7910,-1.1588235806942129,1.1588235806942129,130,-1.3916932344436646,1.3916932344436646,501
with loneliness,19380,-1.1292446402311325,1.1292446402311325,139,-1.822859764099121,1.822859764099121,225
this lonely,16986,-1.1095201789511313,1.1095201789511313,144,-1.631027102470398,1.631027102470398,312
more lonely,10930,-0.9672178155314586,0.9672178155314586,203,-1.3184099197387695,1.3184099197387695,568
been depressed,2378,0.9585341533113112,0.9585341533113112,207,2.533043146133423,2.533043146133423,83
depression but,4169,0.9342212104558765,0.9342212104558765,216,2.5673134326934814,2.5673134326934814,81
depression is,4180,0.9267202284602607,0.9267202284602607,224,2.114013195037842,2.114013195037842,148
depression for,4173,0.9257754113696034,0.9257754113696034,225,2.144744634628296,2.144744634628296,141
have depression,7181,0.9139507858990075,0.9139507858990075,233,2.420037031173706,2.420037031173706,99
lonely in,10040,-0.9102388303361977,0.9102388303361977,236,-1.4347553253173828,1.4347553253173828,460
depressed for,4142,0.9011081430310113,0.9011081430310113,239,2.5138516426086426,2.5138516426086426,88
of depression,12070,0.8771143986235986,0.8771143986235986,250,1.9584945440292358,1.9584945440292358,182
less lonely,9599,-0.8764671454806813,0.8764671454806813,251,-1.274711012840271,1.274711012840271,613
the loneliness,16296,-0.8530896154659525,0.8530896154659525,264,-1.120633840560913,1.120633840560913,864
fucking lonely,6335,0.8461883984356132,0.8461883984356132,269,0.8881202936172485,0.8881202936172485,1532
lonely and,10031,0.8400619829277707,0.8400619829277707,271,-0.007514616474509239,0.007514616474509239,19658
am depressed,734,0.8301970371232196,0.8301970371232196,278,2.012749433517456,2.012749433517456,167
loneliness is,10027,-0.8190615288484744,0.8190615288484744,289,-1.0344147682189941,1.0344147682189941,1041
being depressed,2503,0.797727099677926,0.797727099677926,321,2.442866802215576,2.442866802215576,95
lonely as,10032,-0.7842971199366279,0.7842971199366279,342,-1.3044207096099854,1.3044207096099854,584
about depression,148,0.7642381743555502,0.7642381743555502,363,1.8312060832977295,1.8312060832977295,219
depressed because,4137,0.7608816095337749,0.7608816095337749,369,1.8004366159439087,1.8004366159439087,233
depressed people,4151,0.7603541133669505,0.7603541133669505,370,1.8932183980941772,1.8932183980941772,201
depressing,4161,0.7594115773339877,0.7594115773339877,371,1.403096079826355,1.403096079826355,486
and lonely,1100,0.7490470680249679,0.7490470680249679,383,0.4030572175979614,0.4030572175979614,6851
am lonely,755,-0.7419453553457069,0.7419453553457069,390,-1.2160319089889526,1.2160319089889526,702
depression or,4189,0.7273461075381815,0.7273461075381815,408,1.6088944673538208,1.6088944673538208,320
be depressed,2154,0.6923371132946223,0.6923371132946223,443,2.5886948108673096,2.5886948108673096,77
lonely when,10050,-0.6824336741348803,0.6824336741348803,458,-0.9669896960258484,0.9669896960258484,1240
lonely am,10030,-0.6708259747415819,0.6708259747415819,477,-1.3374155759811401,1.3374155759811401,552
had depression,6880,0.6665937287954925,0.6665937287954925,486,1.8385581970214844,1.8385581970214844,214
depression and,4164,0.6487157121493674,0.6487157121493674,525,-0.24382498860359192,0.24382498860359192,11053
are depressed,1661,0.6434689024481143,0.6434689024481143,536,1.6829729080200195,1.6829729080200195,283
this loneliness,16985,-0.6304259919731893,0.6304259919731893,560,-0.7760280966758728,0.7760280966758728,2110
so lonely,14901,0.6257302029675176,0.6257302029675176,570,1.039188027381897,1.039188027381897,1031
felt lonely,5724,-0.607891659183995,0.607891659183995,608,-1.0897101163864136,1.0897101163864136,924
and depressed,947,-0.6056030289651588,0.6056030289651588,614,-2.8646504878997803,2.8646504878997803,55
depression has,4176,0.5985669168407202,0.5985669168407202,628,1.418768048286438,1.418768048286438,474
from depression,6248,0.5932593522305754,0.5932593522305754,638,1.2695844173431396,1.2695844173431396,625
feeling lonely,5672,-0.5837442902268851,0.5837442902268851,660,-0.7882491946220398,0.7882491946220398,2026
lonely but,10034,-0.5762442284155508,0.5762442284155508,680,-0.8781278729438782,0.8781278729438782,1574
depressive episode,4208,0.5535755813163901,0.5535755813163901,750,2.000540256500244,2.000540256500244,169
depressed person,4152,0.5428584821349386,0.5428584821349386,786,1.539838194847107,1.539838194847107,359
depression just,4183,0.5313740284982721,0.5313740284982721,823,1.1096231937408447,1.1096231937408447,887
depression since,4191,0.5254870410451402,0.5254870410451402,854,1.119092345237732,1.119092345237732,869
and loneliness,1099,0.5239518370383338,0.5239518370383338,863,-0.9029884338378906,0.9029884338378906,1474
if depressed,8038,0.5158231745390737,0.5158231745390737,896,1.5348267555236816,1.5348267555236816,367
feel lonely,5599,-0.5036453281213076,0.5036453281213076,944,-0.8521718382835388,0.8521718382835388,1670
your depression,19959,0.4946615914565687,0.4946615914565687,987,2.3555188179016113,2.3555188179016113,111
depressed and,4134,0.4752811172521525,0.4752811172521525,1065,-0.3320675790309906,0.3320675790309906,8499
depression it,4182,0.434073390101359,0.434073390101359,1253,1.5461505651474,1.5461505651474,356
me depressed,10460,0.4264103081832798,0.4264103081832798,1309,0.1829921156167984,0.1829921156167984,13063
lonely feel,10037,0.4197804254211668,0.4197804254211668,1364,0.6893578171730042,0.6893578171730042,2753
lonely all,10029,0.4126046307205474,0.4126046307205474,1410,0.3553960621356964,0.3553960621356964,7899
has depression,7078,0.41255157008753285,0.41255157008753285,1411,1.8042466640472412,1.8042466640472412,232
more depressed,10921,0.41084363104616933,0.41084363104616933,1424,1.232221007347107,1.232221007347107,677
lonely it,10042,-0.41018097444753393,0.41018097444753393,1431,-0.6796278953552246,0.6796278953552246,2837
lonely even,10036,-0.407361920203981,0.407361920203981,1447,-0.602303683757782,0.602303683757782,3604
the depression,16193,0.40364029205146207,0.40364029205146207,1480,0.06146198883652687,0.06146198883652687,17562
depressed to,4158,0.4032562082227114,0.4032562082227114,1482,1.081912875175476,1.081912875175476,937
very depressed,18326,0.40215364810613136,0.40215364810613136,1498,0.34101688861846924,0.34101688861846924,8275
really lonely,13698,0.40206799780651276,0.40206799780651276,1500,0.7409334182739258,0.7409334182739258,2331
depressed but,4138,0.3977953282923876,0.3977953282923876,1534,1.3500311374664307,1.3500311374664307,535
or depressed,12585,-0.39418599659123776,0.39418599659123776,1560,-0.9207826852798462,0.9207826852798462,1402
depression to,4197,0.39016029946995356,0.39016029946995356,1595,1.0329806804656982,1.0329806804656982,1048
too depressed,17813,0.3859630567474877,0.3859630567474877,1626,0.556022584438324,0.556022584438324,4155
this depression,16939,0.38146279857899257,0.38146279857899257,1665,0.5780354738235474,0.5780354738235474,3897
lonely or,10045,-0.37329092458026086,0.37329092458026086,1744,-0.9626666307449341,0.9626666307449341,1256
depression so,4192,0.3684177220172626,0.3684177220172626,1782,1.2037712335586548,1.2037712335586548,724
depression in,4179,0.3605245835512349,0.3605245835512349,1876,0.9034963250160217,0.9034963250160217,1471
for depression,5943,0.34903365062751696,0.34903365062751696,2036,1.4930633306503296,1.4930633306503296,404
depressed is,4145,0.3438814551070468,0.3438814551070468,2089,1.0468776226043701,1.0468776226043701,1017
depression the,4195,0.33910180393976586,0.33910180393976586,2155,0.8847583532333374,0.8847583532333374,1547
is depressed,8546,0.33745583927284395,0.33745583927284395,2177,1.6124143600463867,1.6124143600463867,318
in depression,8228,0.3361665994149623,0.3361665994149623,2194,0.67573082447052,0.67573082447052,2867
depression have,4177,0.33553058310435074,0.33553058310435074,2204,0.9715096354484558,0.9715096354484558,1227
depressed or,4150,0.3330949812710662,0.3330949812710662,2236,0.8783436417579651,0.8783436417579651,1571
depressed in,4144,0.33203968321041366,0.33203968321041366,2252,0.5162067413330078,0.5162067413330078,4728
extremely lonely,5394,-0.32915611220544805,0.32915611220544805,2302,-0.5695048570632935,0.5695048570632935,3981
loneliness and,10026,-0.32658137467434906,0.32658137467434906,2336,-0.8917586803436279,0.8917586803436279,1517
anxiety depression,1415,-0.3248379583587954,0.3248379583587954,2364,-0.7830907702445984,0.7830907702445984,2062
depressed about,4130,0.3118429283117114,0.3118429283117114,2568,0.6904847025871277,0.6904847025871277,2743
depression makes,4185,0.30492725665430326,0.30492725665430326,2691,0.7711493372917175,0.7711493372917175,2142
depression am,4163,0.3043851403917197,0.3043851403917197,2700,0.7351170182228088,0.7351170182228088,2366
their depression,16501,0.2956772736162506,0.2956772736162506,2860,1.3985486030578613,1.3985486030578613,494
depression ve,4198,0.29062840555010455,0.29062840555010455,2963,0.6920912861824036,0.6920912861824036,2730
depressive episodes,4209,0.28926531522169363,0.28926531522169363,3000,0.9195525646209717,0.9195525646209717,1408
when depressed,18977,0.27684305511529145,0.27684305511529145,3248,1.120192289352417,1.120192289352417,866
depressed it,4146,0.275639641850925,0.275639641850925,3282,0.8945016264915466,0.8945016264915466,1503
depressed since,4153,0.2718591231619712,0.2718591231619712,3378,0.4807314872741699,0.4807314872741699,5305
lonely my,10044,-0.27120232005292866,0.27120232005292866,3390,-0.5663471221923828,0.5663471221923828,4019
just lonely,9172,-0.27027599299183763,0.27027599299183763,3414,-0.22443191707134247,0.22443191707134247,11639
severe depression,14402,0.2702687799014734,0.2702687799014734,3415,0.5430288314819336,0.5430288314819336,4324
to depression,17419,0.266741069583231,0.266741069583231,3496,1.0041072368621826,1.0041072368621826,1126
re depressed,13578,0.25978532181214015,0.25978532181214015,3697,0.8314177989959717,0.8314177989959717,1776
depressed am,4133,0.2540801428253728,0.2540801428253728,3839,0.7550165057182312,0.7550165057182312,2244
really depressed,13664,0.24957285209826718,0.24957285209826718,3945,0.47876670956611633,0.47876670956611633,5336
lonely don,10035,0.24614395800040917,0.24614395800040917,4037,0.208109050989151,0.208109050989151,12150
depressive state,4210,0.24089613462491566,0.24089613462491566,4205,0.5234091281890869,0.5234091281890869,4610
fucking depressed,6326,-0.23616354814474683,0.23616354814474683,4341,-0.8422595858573914,0.8422595858573914,1718
depression worse,4205,0.23279285439192696,0.23279285439192696,4436,0.5588386058807373,0.5588386058807373,4109
depression from,4174,0.23061077691918544,0.23061077691918544,4524,0.41577887535095215,0.41577887535095215,6547
depression as,4166,0.22932911033012657,0.22932911033012657,4556,0.9481386542320251,0.9481386542320251,1298
depressed ve,4159,0.2274383722242635,0.2274383722242635,4613,0.6669194102287292,0.6669194102287292,2955
depression was,4199,0.22468393095112926,0.22468393095112926,4715,1.016161561012268,1.016161561012268,1097
depression feel,4172,0.222239103565749,0.222239103565749,4807,0.19780175387859344,0.19780175387859344,12525
is depression,8547,0.22194414711071486,0.22194414711071486,4816,0.7286847829818726,0.7286847829818726,2420
it depression,8769,0.2214791498029266,0.2214791498029266,4839,0.814771294593811,0.814771294593811,1869
my depressed,11162,0.2114017593599332,0.2114017593599332,5218,0.5767233967781067,0.5767233967781067,3915
depression can,4170,0.21076836300026988,0.21076836300026988,5240,0.44561824202537537,0.44561824202537537,5962
im depressed,8127,0.20893111234985923,0.20893111234985923,5299,0.7415658831596375,0.7415658831596375,2326
depressed all,4132,0.20667244978851568,0.20667244978851568,5386,0.23650459945201874,0.23650459945201874,11271
my depressive,11164,0.20596693924520987,0.20596693924520987,5419,0.7038957476615906,0.7038957476615906,2640
having depression,7338,0.20241761999740251,0.20241761999740251,5555,0.6958045363426208,0.6958045363426208,2696
depression on,4188,0.20195998685003447,0.20195998685003447,5575,0.7343191504478455,0.7343191504478455,2370
depression like,4184,0.20182720202984483,0.20182720202984483,5583,0.6821378469467163,0.6821378469467163,2813
extremely depressed,5392,-0.1995166551053429,0.1995166551053429,5666,-0.42777228355407715,0.42777228355407715,6313
depression anxiety,4165,0.19017589962628684,0.19017589962628684,6088,-0.5459825992584229,0.5459825992584229,4295
chronic depression,3412,0.18994180588722623,0.18994180588722623,6099,0.4751088619232178,0.4751088619232178,5397
and depression,948,-0.1888505874553098,0.1888505874553098,6150,-1.4305779933929443,1.4305779933929443,462
like depression,9769,0.1887605675670374,0.1887605675670374,6153,0.6787300705909729,0.6787300705909729,2846
that depression,15913,0.18753739138982614,0.18753739138982614,6208,1.0773934125900269,1.0773934125900269,952
depression really,4190,0.18580409453846958,0.18580409453846958,6271,0.1964266300201416,0.1964266300201416,12578
depressive disorder,4207,0.1793305108402879,0.1793305108402879,6595,0.567603588104248,0.567603588104248,4004
depression what,4200,0.17474665120244026,0.17474665120244026,6816,0.7298672795295715,0.7298672795295715,2409
depression started,4193,0.17426715109249613,0.17426715109249613,6838,0.3512546718120575,0.3512546718120575,8008
lonely just,10043,0.16726116703202737,0.16726116703202737,7172,0.42875707149505615,0.42875707149505615,6289
depressed my,4149,0.1649450383816838,0.1649450383816838,7273,0.44866669178009033,0.44866669178009033,5905
feeling depressed,5658,0.1598808146211612,0.1598808146211612,7547,-0.09283844381570816,0.09283844381570816,16383
as depressed,1761,0.15783294369027814,0.15783294369027814,7662,0.4498429298400879,0.4498429298400879,5884
incredibly lonely,8376,-0.15727875925642526,0.15727875925642526,7681,-0.3345842957496643,0.3345842957496643,8418
on depression,12334,0.1570792244181237,0.1570792244181237,7692,0.1596306711435318,0.1596306711435318,13846
think depressed,16863,0.15479571948411439,0.15479571948411439,7828,0.49069175124168396,0.49069175124168396,5158
major depression,10258,0.15253862892992742,0.15253862892992742,7985,0.24134401977062225,0.24134401977062225,11124
severely depressed,14404,0.14891010598784857,0.14891010598784857,8197,0.6820927858352661,0.6820927858352661,2814
bad depression,2061,0.14450868942218778,0.14450868942218778,8441,0.37093228101730347,0.37093228101730347,7535
depressed the,4157,0.14409150735693105,0.14409150735693105,8470,-0.28309834003448486,0.28309834003448486,9854
was depressed,18515,0.14307432825408845,0.14307432825408845,8529,0.2828620374202728,0.2828620374202728,9862
still depressed,15379,0.1426731139698967,0.1426731139698967,8553,0.6776255965232849,0.6776255965232849,2858
depression not,4187,0.13849458497349149,0.13849458497349149,8783,0.31334641575813293,0.31334641575813293,9011
depressed than,4155,0.13699658539573478,0.13699658539573478,8876,0.13345637917518616,0.13345637917518616,14828
depressed again,4131,0.13214681075608226,0.13214681075608226,9183,0.09800019860267639,0.09800019860267639,16178
depression at,4167,0.1310779962360154,0.1310779962360154,9253,0.5473644733428955,0.5473644733428955,4275
depressed that,4156,0.12657515829349758,0.12657515829349758,9547,0.5576379895210266,0.5576379895210266,4135
depressed have,4143,0.12597250357371162,0.12597250357371162,9584,0.5123326182365417,0.5123326182365417,4802
lonely so,10047,0.1255677390586225,0.1255677390586225,9604,0.15355415642261505,0.15355415642261505,14073
his depression,7710,0.1228384865447878,0.1228384865447878,9793,0.7651835680007935,0.7651835680007935,2189
major depressive,10259,0.11299304106396038,0.11299304106396038,10423,0.5403792262077332,0.5403792262077332,4361
depression don,4171,0.11071428796594374,0.11071428796594374,10586,0.19322916865348816,0.19322916865348816,12693
that depressed,15912,0.1100545285635002,0.1100545285635002,10636,0.3736822307109833,0.3736822307109833,7474
depressed at,4136,0.10622020449490234,0.10622020449490234,10925,0.3751848340034485,0.3751848340034485,7438
get depressed,6421,0.10439333819863748,0.10439333819863748,11052,-0.01358609739691019,0.01358609739691019,19414
depressed as,4135,0.10334216537288614,0.10334216537288614,11130,0.17705482244491577,0.17705482244491577,13274
depression my,4186,0.10252475526713091,0.10252475526713091,11191,0.5127286911010742,0.5127286911010742,4790
how depressed,7885,0.09808993412723437,0.09808993412723437,11529,-0.0520627386868,0.0520627386868,17920
depressed feel,4141,0.09414650334147477,0.09414650334147477,11870,-0.09638748317956924,0.09638748317956924,16236
depression if,4178,0.0888586937809857,0.0888586937809857,12254,0.521119236946106,0.521119236946106,4643
her depression,7554,0.07582179906337362,0.07582179906337362,13317,0.6800305247306824,0.6800305247306824,2831
depression with,4204,0.07532805435098226,0.07532805435098226,13357,0.19092878699302673,0.19092878699302673,12764
depressed like,4148,0.07491921909853334,0.07491921909853334,13400,0.49677056074142456,0.49677056074142456,5046
depression because,4168,0.07050184729634858,0.07050184729634858,13750,0.36822181940078735,0.36822181940078735,7598
depression isn,4181,0.06942693665623664,0.06942693665623664,13852,0.46768254041671753,0.46768254041671753,5538
just depressed,9099,-0.0691331261306358,0.0691331261306358,13881,-0.3078656494617462,0.3078656494617462,9171
so depressed,14841,0.06863328573834657,0.06863328573834657,13921,-0.212504044175148,0.212504044175148,12010
what depression,18892,0.06224889304542213,0.06224889304542213,14486,0.7292588949203491,0.7292588949203491,2414
depression when,4201,0.0582023634155423,0.0582023634155423,14819,0.26143863797187805,0.26143863797187805,10506
clinical depression,3452,0.055810350696739515,0.055810350696739515,15033,0.1881774514913559,0.1881774514913559,12884
depressed just,4147,0.055393249584443444,0.055393249584443444,15069,0.505759596824646,0.505759596824646,4911
depression this,4196,0.04322731211791311,0.04322731211791311,16084,0.1348966807126999,0.1348966807126999,14780
depression got,4175,0.04160966657175015,0.04160966657175015,16261,-0.4219155013561249,0.4219155013561249,6426
lonely have,10039,0.038893882525461485,0.038893882525461485,16494,0.08184914290904999,0.08184914290904999,16794
depressed so,4154,0.032791548202789185,0.032791548202789185,17012,0.3016117215156555,0.3016117215156555,9333
depression that,4194,0.03128695920246957,0.03128695920246957,17134,0.3385370075702667,0.3385370075702667,8326
feel depressed,5572,0.030618260259265322,0.030618260259265322,17195,-0.021933356299996376,0.021933356299996376,19098
depressed when,4160,-0.02718932878295392,0.02718932878295392,17512,0.026390530169010162,0.026390530169010162,18918
depression which,4202,0.026982580095824958,0.026982580095824958,17537,0.04843492433428764,0.04843492433428764,18078
super depressed,15605,-0.02485722116394795,0.02485722116394795,17731,-0.20303227007389069,0.20303227007389069,12342
into depression,8464,-0.017077782520727756,0.017077782520727756,18443,-0.3814866244792938,0.3814866244792938,7291
through depression,17172,0.016338301970045026,0.016338301970045026,18527,0.04518915340304375,0.04518915340304375,18189
depressed can,4139,0.014380647492728249,0.014380647492728249,18700,-0.5637444853782654,0.5637444853782654,4055
depression will,4203,-0.010085517592488212,0.010085517592488212,19081,-0.1756441742181778,0.1756441742181778,13328
lonely ve,10049,-0.009495623623758684,0.009495623623758684,19133,-0.16747437417507172,0.16747437417507172,13583
depressed don,4140,-0.006847613313479293,0.006847613313479293,19373,-0.1263570487499237,0.1263570487499237,15091
very lonely,18334,0.005803471022053144,0.005803471022053144,19471,-0.07767414301633835,0.07767414301633835,16946
deep depression,4089,-0.00501432463403382,0.00501432463403382,19537,-0.39636027812957764,0.39636027812957764,6972
not depressed,11787,0.00077667314478018,0.00077667314478018,19909,0.5924319624900818,0.5924319624900818,3727
