depression_associated_feature,depression_coefficient,loneliness_associated_feature,loneliness_coefficient
depression,8.584717176830921,lonely,-10.742944061168108
depressed,6.130281492443815,loneliness,-7.3730067047765555
my depression,2.5882584056715694,alone,-4.232024457351964
suicide,2.107679762151643,friends,-3.4462312382494655
depressive,1.953344239068705,chat,-2.870640068165862
with depression,1.942917063501654,dm,-2.7933060599251465
therapist,1.9144645277506698,lonelier,-2.568672568828406
job,1.8891031356515773,loneliest,-2.5211058477536756
my friends,1.8522957831253957,conversation,-2.5017719629336153
suicidal,1.8220027763170579,my loneliness,-2.4961609160984963
die,1.7098406474665986,couples,-2.473429197170285
therapy,1.6738972758768196,friend,-2.369876201058064
help,1.5967138215827115,discord,-2.336286567900188
kill,1.5956445548302913,hmu,-2.303996350393699
struggling,1.5490748934368375,message,-2.2799968864657
killed,1.513613102711986,girl,-2.263737721685571
fucking,1.2955410595870818,connection,-2.2575252722905303
kill myself,1.2710421676962154,friendship,-2.2272241114656857
support,1.2673276843737702,ghosted,-2.1886159468166433
not alone,1.2602934172304667,cuddle,-2.129813736482456
motivation,1.238483958806206,loner,-2.097597943437857
worthless,1.236952738253973,romantic,-2.0801088712162272
killing,1.2273362891297215,touch,-2.0771591032518795
don want,1.2122042377437514,single,-2.0313186785396513
mental,1.1762144668899535,talk,-1.9964492569407415
