File,SHA256
01_main_performance_table.csv,25a36855e7d4676779db2954b887821ce103df9be2c2ae643387af8d6fd1343e
02_cross_validation_summary.csv,539ad43011b9f69e26e82145c9d8739bedd24c239263b82e4801fcda52eefd9e
03_locked_test_metrics.csv,d12a3cfe70e4c045713c418b886fd7abbdfe9cd5bd007ce4043d3fe10f455d2a
04_cv_test_comparison.csv,f7d81e90814214016640451c07dfd70bb509f0de32920027fcc60cd655f649c5
05_bootstrap_confidence_intervals.csv,ea1a35af6e7addea53e3776976daaca8a7e4abdd2a45eadc882f873c7d1099d6
06_pairwise_statistical_tests.csv,571311fa94dd3d97d007ae0952e70b3a26f8c8796f57c086169d31eff13148ae
07_per_label_diagnostics.csv,71c6cba85d6202b6baa1d6cce422db5e66342e4164aba27c80304ca05640644c
08_per_label_f1_matrix.csv,ed308e0ccf8c04dadb25c1b2ef5ec528450c2f68412c15ab26db0e89a0e56159
09_error_analysis_summary.csv,0beefd7d33c746271efa8cfbf91af5beafb006c45eb51d2d650fea30134a387b
10_pairwise_model_disagreement.csv,0eff65f12030f4cffd510891951ed1d27c9208c3cc0d5902e074e5f38c8b52ed
11_shap_validation_summary.csv,dd5d79a6e8a13e620f1306fab6f359a3dd772ae63c68320e0d6c1d460335fbdb
12_shap_emotion_attribution_strength.csv,d8129eb0816c3486be21028c80eb3a6e692c36f4c7a137eefab456869284a481
13_roberta_xai_subset_top_tokens.csv,71db1d88cae78f31aed7dac7eb8a43fe56c832c1394514c4539d5bf6dd8d1f87
14_publication_figure_index.csv,da6267ff5b57aa07e3a06f816a2072d718e6fac2844bf4f85e24959037040cb1
