threshold,accuracy,balanced_accuracy,macro_f1,mcc,loneliness_precision,loneliness_recall,loneliness_f1,depression_f1
0.2,0.8788412587966918,0.7574045071700123,0.7862525752677338,0.585806644756875,0.7694386439012406,0.5560585885486019,0.6455735339585695,0.9269316165768982
0.21,0.8795370672115698,0.7628982001165039,0.7897385289051819,0.5904573877191681,0.7633410672853829,0.5695073235685753,0.6523297491039427,0.9271473087064213
0.22,0.8800479138959106,0.7686772825028296,0.7930980226069153,0.5948506425160908,0.7559896581442115,0.5840213049267643,0.6589708275948416,0.9272252176189891
0.23,0.8805235297744348,0.7736662552956874,0.7959530694040506,0.5988273452757416,0.750237257857422,0.5964935641367066,0.6645896694112702,0.9273164693968312
0.24,0.8812545689951293,0.7794157042620978,0.7993349473976668,0.6039587914250486,0.7450173310225303,0.6105636928539725,0.6711226033078012,0.9275472914875322
0.25,0.8811929150849502,0.783418294581955,0.8010821103032677,0.6061913432424803,0.738485887628594,0.6213049267643143,0.6748463299987948,0.9273178906077407
0.26,0.8811312611747713,0.7875544732951993,0.8028432090865507,0.6086074595452063,0.732093310040078,0.6324012427873946,0.678605448656887,0.9270809695162144
0.27,0.8811048380704087,0.7915122457498538,0.804517551241356,0.6110864905083783,0.7264430068702673,0.642964935641367,0.6821595912505003,0.9268755112322118
0.28,0.8811048380704087,0.7955365961006468,0.8062051708420573,0.6137506953883233,0.7210987612006071,0.6536617842876166,0.6857262589341839,0.9266840827499307
0.29,0.8805323374758889,0.7987195731386821,0.8069512383147184,0.6146809801006076,0.7143745218056619,0.6630714602751886,0.6877675981768795,0.9261348784525573
0.3,0.8802945295366268,0.8027291716452982,0.8083287185460867,0.617007501471634,0.7084946587675515,0.6741233910341766,0.6908817977119203,0.9257756393802531
0.31,0.8796515673304738,0.805918291667872,0.8089540427903164,0.6180085728289024,0.7020510483135824,0.6836662228140258,0.6927366764110636,0.9251714091695691
0.32,0.8794137593912117,0.8096273162893666,0.810150164992108,0.6203032365221544,0.6970440055285568,0.6939192188193519,0.695478102270958,0.9248222277132581
0.33,0.8790966821388623,0.8131533057716192,0.8111702526709244,0.6223813392198697,0.6921129588407315,0.7038171327119397,0.6979159789617306,0.9244245263801182
0.34,0.8784889507385257,0.8162308137322964,0.8117163738921531,0.6236399524180894,0.6866717961870565,0.7130048823790501,0.6995906279940771,0.9238421197902291
0.35,0.8774320265640276,0.818393578597874,0.8114773923870995,0.6234332833929234,0.680571859802113,0.7205059920106525,0.6999698158768488,0.9229849688973502
0.36,0.8764984102098875,0.8207167533695372,0.8114088883535229,0.6236702251240085,0.6750185139471735,0.7282290279627164,0.7006149116064566,0.9222028651005892
0.37,0.8750627548728608,0.8226098755732397,0.8106978397805895,0.6227711879442245,0.6682256178688062,0.735641367066134,0.700314790949232,0.9210808886119471
0.38,0.873908945982367,0.8250795736090322,0.8104570612243954,0.6229513631268279,0.6622294201295623,0.7441189525077674,0.7007900346946453,0.9201240877541456
0.39,0.8724468675409778,0.8268727208182496,0.8096826614460413,0.6221423744634331,0.6559327288227544,0.7513093652907235,0.7003889440582588,0.9189763788338238
0.4,0.8709319428908637,0.8290002716120455,0.8089728394778142,0.621657351888306,0.6494724056782814,0.7594762538837107,0.7001800474670595,0.9177656314885689
0.41,0.8690911332869461,0.8304736805118677,0.8077353636496534,0.620197096796328,0.6426737132010868,0.766444740346205,0.6991234640377335,0.9163472632615731
0.42,0.8673031698917534,0.8318631640647124,0.8065261213855299,0.6188541795579806,0.6363437088996055,0.7731025299600532,0.6980882529758327,0.9149639897952272
0.43,0.8655416296009231,0.8333025269645222,0.8053642804290415,0.6177031258520307,0.6302912899985651,0.7798490901020861,0.6971392294568107,0.9135893314012724
0.44,0.863445396654835,0.8345999089118614,0.8038528056535568,0.6160601065267546,0.6235840427777387,0.7867731913004883,0.6957374990187613,0.9119681122883522
0.45,0.8611818173811181,0.8355090279486703,0.8020719288910318,0.6139342380281011,0.6168640585615137,0.7929427430093209,0.6939076731856052,0.9102361845964586
0.46,0.8588565841972221,0.8366969608396648,0.8003386326582854,0.6121322886711407,0.6101012152601469,0.7999556147359077,0.6922471241189914,0.9084301411975795
0.47,0.8569188898773087,0.8380431406311931,0.7990176262563733,0.6110965938619254,0.6045165796388067,0.8067465601420328,0.6911420803467878,0.9068931721659589
0.48,0.8545408104846878,0.8389309322381766,0.7971628336418621,0.6091585449713836,0.5982169099637503,0.8130492676431424,0.6892814810633855,0.9050441862203389
0.49,0.8518985000484424,0.8397540926540181,0.7950660844726933,0.6069660843371363,0.5915366627158279,0.819618286728806,0.687145329041621,0.9029868399037657
0.5,0.8492209588063803,0.840571975287542,0.7929529497661475,0.6048598690396434,0.5850278135705081,0.8262316910785619,0.6850172036284016,0.9008886959038934
0.51,0.8463672635352352,0.8412298806160909,0.790652016557913,0.602521171256165,0.5784183752119624,0.8327119396360408,0.68265259710725,0.898651436008576
0.52,0.8430467600870201,0.8413962169623032,0.7878127578023972,0.5992968943116146,0.5711910519951633,0.8386595650244119,0.6795540370436972,0.8960714785610974
0.53,0.839964064578067,0.8416107022510392,0.7852183951809412,0.5965056437159568,0.56471531199905,0.8443408788282291,0.6767824107015796,0.8936543796603027
0.54,0.8360358297295155,0.8411474686414308,0.7817178055096424,0.5922816584604988,0.5569391911550771,0.8496227252552153,0.672829525483304,0.8906060855359809
0.55,0.8323718259245885,0.8412331241489932,0.7786414607353733,0.5890982949175493,0.5498716852010265,0.8559254327563249,0.6695833333333333,0.8876995881374135
0.56,0.828100090719325,0.8404220329139604,0.7748135525393638,0.5845014126415002,0.5421080582497135,0.8608521970705726,0.6652717512477061,0.8843553538310215
0.57,0.8235905475747994,0.8398132709740052,0.7708878467680107,0.5801316727238682,0.5342105983093043,0.866711051930759,0.6610023187718972,0.8807733747641243
0.58,0.8191426583404529,0.8392262690649858,0.7670577800366902,0.5760241925364186,0.5267416934619507,0.872525521526853,0.6569089390142022,0.8772066210591781
0.59,0.8147035768075606,0.8384610771979315,0.7632171870498722,0.5718784139373176,0.519598570828079,0.8778517532179316,0.6528039079776876,0.8736304661220567
0.6,0.8100531104397686,0.8371966592601162,0.7590928018927259,0.5671264033812259,0.5124265236671135,0.8822015090989791,0.6482925079095861,0.8698930958758657
0.61,0.8049710667007232,0.8360137007941781,0.7546856644450345,0.5623657102547129,0.504885993485342,0.8874833555259654,0.6436193327217421,0.8657519961683269
0.62,0.7999242537674943,0.8343183650861816,0.7501959595458993,0.5571465976773307,0.49769516728624535,0.8913448735019973,0.6387404580152671,0.8616514610765315
0.63,0.794322555642654,0.8325607774931503,0.7452939101067108,0.5517010085510475,0.49002281885711513,0.8959609409675987,0.6335446613520809,0.8570431588613406
0.64,0.7888089345323551,0.8311921017123147,0.740616659102918,0.5470073683934094,0.4827897689455168,0.9014647137150466,0.6288120375243815,0.8524212806814545
0.65,0.7824761971868202,0.8289785052408454,0.7351071031897509,0.540981797702034,0.4747993952785208,0.906080781180648,0.62309042350248,0.8471237828770218
0.66,0.7763724600790931,0.8270246447682814,0.7298947548949569,0.5356213910820611,0.4674333864723298,0.9110075454948957,0.6178506923540036,0.8419388174359103
0.67,0.7699340303161084,0.8245447367122583,0.7243228369158945,0.5295977326078437,0.45994422755158954,0.9150909897913893,0.6121891470566402,0.8364565267751488
0.68,0.763337061926949,0.8219325380661787,0.7186395961427129,0.5235256167662549,0.45257245268173274,0.9190856635596982,0.6064963973990979,0.8307827948863279
0.69,0.7562556699578111,0.8188845764687109,0.7125187740613762,0.5168729518098204,0.4449509866872137,0.9227252552152685,0.6003869924334315,0.8246505556893209
0.7,0.7495177783453852,0.8163347594392282,0.7068348152988183,0.5112337632154187,0.4380413127817972,0.9271193963604083,0.594972584205654,0.8186970463919826
0.71,0.7414411161119283,0.8127828563213539,0.6999340159383254,0.5039955170531274,0.4300328003280033,0.9310696848646249,0.5883326321694012,0.8115353997072494
0.72,0.7329152611043096,0.8087670709360621,0.6926313336088563,0.4962152310687278,0.4219100673292722,0.9345317354638261,0.5813568213822238,0.8039058458354889
0.73,0.7241780212617913,0.8045025377176105,0.6851603693232026,0.48826494924326197,0.4139268780124613,0.9376830892143808,0.5743257938234014,0.7959949448230037
0.74,0.7152470119872817,0.8001672303234786,0.6775793994405346,0.48041300091789724,0.4061302681992337,0.9409675987572126,0.5673758865248227,0.7877829123562464
0.75,0.7058139637298854,0.7958360326398952,0.6696833331819351,0.47275029342792035,0.39832014516340236,0.9450954283177985,0.5604379696527038,0.7789286967111664
0.76,0.6962399922492227,0.7913167383353072,0.6616774111656347,0.46503913660094587,0.3907306553602105,0.9489569462938304,0.5535418392709196,0.76981298306035
0.77,0.6858380968318698,0.786230904593161,0.652973056702181,0.456657143624763,0.38282768830149644,0.9526853084775855,0.5461786073259793,0.7597675060783825
0.78,0.6750486625505342,0.7806361544178393,0.6439005299351533,0.44772722263264364,0.3749390541199415,0.9557035064358633,0.5385827559468721,0.7492183039234346
0.79,0.6637043430775871,0.7746952770215346,0.634378249049431,0.4385150082289325,0.3670223611771902,0.9587217043941412,0.5308299132486299,0.737926584850232
0.8,0.6522367157842818,0.7687108795633583,0.6247795196964819,0.4295017462148931,0.3594055793279597,0.9618286728806036,0.5232782768279726,0.7262807625649913
0.81,0.6405136651488061,0.762717440644433,0.6150067709527214,0.42075611678335656,0.3520224009840895,0.965335108743897,0.5159109508616702,0.7141025910437725
