Depression-associated feature,Depression coefficient,Loneliness-associated feature,Loneliness coefficient
suicide,2.107679762151643,alone,-4.232024457351964
therapist,1.9144645277506696,friends,-3.446231238249465
job,1.8891031356515773,chat,-2.870640068165862
my friends,1.852295783125396,dm,-2.7933060599251465
suicidal,1.8220027763170576,lonelier,-2.568672568828406
die,1.7098406474665986,loneliest,-2.521105847753676
therapy,1.6738972758768196,conversation,-2.5017719629336157
help,1.5967138215827117,couples,-2.473429197170285
kill,1.595644554830291,friend,-2.369876201058064
struggling,1.5490748934368377,discord,-2.336286567900188
killed,1.513613102711986,hmu,-2.303996350393699
fucking,1.2955410595870818,message,-2.2799968864657
kill myself,1.2710421676962154,girl,-2.263737721685571
support,1.2673276843737702,connection,-2.2575252722905303
not alone,1.2602934172304667,friendship,-2.2272241114656857
