group_fold,rows,depression,loneliness,authors,row_percent,depression_percent
0,37846,30336,7510,19716,4.999973577267995,80.15642340009512
1,37846,30336,7510,19806,4.999973577267995,80.15642340009512
2,37847,30336,7511,19727,5.000105690928019,80.15430549316986
3,37845,30335,7510,19754,4.9998414636079715,80.15589906196328
4,37846,30336,7510,19681,4.999973577267995,80.15642340009512
5,37847,30336,7511,19625,5.000105690928019,80.15430549316986
6,37847,30337,7510,19689,5.000105690928019,80.15694771051866
7,37847,30337,7510,19747,5.000105690928019,80.15694771051866
8,37849,30337,7512,19616,5.000369918248068,80.15271209278977
9,37847,30336,7511,19596,5.000105690928019,80.15430549316986
10,37845,30335,7510,19643,4.9998414636079715,80.15589906196328
11,37846,30336,7510,19517,4.999973577267995,80.15642340009512
12,37847,30337,7510,19612,5.000105690928019,80.15694771051866
13,37847,30336,7511,19596,5.000105690928019,80.15430549316986
14,37845,30335,7510,19708,4.9998414636079715,80.15589906196328
15,37847,30337,7510,19548,5.000105690928019,80.15694771051866
16,37845,30335,7510,19601,4.9998414636079715,80.15589906196328
17,37845,30335,7510,19599,4.9998414636079715,80.15589906196328
18,37845,30335,7510,19520,4.9998414636079715,80.15589906196328
19,37845,30335,7510,19569,4.9998414636079715,80.15589906196328
