Figure_Type,Subject,Path
Per-label ROC,anger,d:\Thesis_Project\Experiment_2_Transformer-Based Emotion_Classification\outputs\final_per_label_analysis\roc_curves\roc_anger.png
Per-label ROC,brain dysfunction (forget),d:\Thesis_Project\Experiment_2_Transformer-Based Emotion_Classification\outputs\final_per_label_analysis\roc_curves\roc_brain_dysfunction_forget.png
Per-label ROC,emptiness,d:\Thesis_Project\Experiment_2_Transformer-Based Emotion_Classification\outputs\final_per_label_analysis\roc_curves\roc_emptiness.png
Per-label ROC,hopelessness,d:\Thesis_Project\Experiment_2_Transformer-Based Emotion_Classification\outputs\final_per_label_analysis\roc_curves\roc_hopelessness.png
Per-label ROC,loneliness,d:\Thesis_Project\Experiment_2_Transformer-Based Emotion_Classification\outputs\final_per_label_analysis\roc_curves\roc_loneliness.png
Per-label ROC,sadness,d:\Thesis_Project\Experiment_2_Transformer-Based Emotion_Classification\outputs\final_per_label_analysis\roc_curves\roc_sadness.png
Per-label ROC,suicide intent,d:\Thesis_Project\Experiment_2_Transformer-Based Emotion_Classification\outputs\final_per_label_analysis\roc_curves\roc_suicide_intent.png
Per-label ROC,worthlessness,d:\Thesis_Project\Experiment_2_Transformer-Based Emotion_Classification\outputs\final_per_label_analysis\roc_curves\roc_worthlessness.png
Per-label Precision-Recall,anger,d:\Thesis_Project\Experiment_2_Transformer-Based Emotion_Classification\outputs\final_per_label_analysis\pr_curves\pr_anger.png
Per-label Precision-Recall,brain dysfunction (forget),d:\Thesis_Project\Experiment_2_Transformer-Based Emotion_Classification\outputs\final_per_label_analysis\pr_curves\pr_brain_dysfunction_forget.png
Per-label Precision-Recall,emptiness,d:\Thesis_Project\Experiment_2_Transformer-Based Emotion_Classification\outputs\final_per_label_analysis\pr_curves\pr_emptiness.png
Per-label Precision-Recall,hopelessness,d:\Thesis_Project\Experiment_2_Transformer-Based Emotion_Classification\outputs\final_per_label_analysis\pr_curves\pr_hopelessness.png
Per-label Precision-Recall,loneliness,d:\Thesis_Project\Experiment_2_Transformer-Based Emotion_Classification\outputs\final_per_label_analysis\pr_curves\pr_loneliness.png
Per-label Precision-Recall,sadness,d:\Thesis_Project\Experiment_2_Transformer-Based Emotion_Classification\outputs\final_per_label_analysis\pr_curves\pr_sadness.png
Per-label Precision-Recall,suicide intent,d:\Thesis_Project\Experiment_2_Transformer-Based Emotion_Classification\outputs\final_per_label_analysis\pr_curves\pr_suicide_intent.png
Per-label Precision-Recall,worthlessness,d:\Thesis_Project\Experiment_2_Transformer-Based Emotion_Classification\outputs\final_per_label_analysis\pr_curves\pr_worthlessness.png
Confusion Matrices,BERT,d:\Thesis_Project\Experiment_2_Transformer-Based Emotion_Classification\outputs\final_per_label_analysis\confusion_matrices\bert_confusion_matrices.png
Confusion Matrices,RoBERTa,d:\Thesis_Project\Experiment_2_Transformer-Based Emotion_Classification\outputs\final_per_label_analysis\confusion_matrices\roberta_confusion_matrices.png
Confusion Matrices,MentalBERT,d:\Thesis_Project\Experiment_2_Transformer-Based Emotion_Classification\outputs\final_per_label_analysis\confusion_matrices\mentalbert_confusion_matrices.png
Confusion Matrices,ClinicalBERT,d:\Thesis_Project\Experiment_2_Transformer-Based Emotion_Classification\outputs\final_per_label_analysis\confusion_matrices\clinicalbert_confusion_matrices.png
Micro-average ROC,All models,d:\Thesis_Project\Experiment_2_Transformer-Based Emotion_Classification\outputs\final_per_label_analysis\roc_curves\micro_average_roc_comparison.png
Micro-average Precision-Recall,All models,d:\Thesis_Project\Experiment_2_Transformer-Based Emotion_Classification\outputs\final_per_label_analysis\pr_curves\micro_average_pr_comparison.png
F1 Heatmap,All models and labels,d:\Thesis_Project\Experiment_2_Transformer-Based Emotion_Classification\outputs\final_per_label_analysis\figures\per_label_f1_heatmap.png
