filename,class,columns,column_names
depapr19.csv,depression,8,Unnamed: 0 | author | created_utc | score | selftext | subreddit | title | timestamp
depjaug19.csv,depression,8,Unnamed: 0 | author | created_utc | score | selftext | subreddit | title | timestamp
depdec19.csv,depression,8,Unnamed: 0 | author | created_utc | score | selftext | subreddit | title | timestamp
depfeb19.csv,depression,8,Unnamed: 0 | author | created_utc | score | selftext | subreddit | title | timestamp
depjan19.csv,depression,8,Unnamed: 0 | author | created_utc | score | selftext | subreddit | title | timestamp
depjul19.csv,depression,8,Unnamed: 0 | author | created_utc | score | selftext | subreddit | title | timestamp
depjun19.csv,depression,8,Unnamed: 0 | author | created_utc | score | selftext | subreddit | title | timestamp
depmar19.csv,depression,8,Unnamed: 0 | author | created_utc | score | selftext | subreddit | title | timestamp
depamay19.csv,depression,8,Unnamed: 0 | author | created_utc | score | selftext | subreddit | title | timestamp
sdepnov19.csv,depression,8,Unnamed: 0 | author | created_utc | score | selftext | subreddit | title | timestamp
depoct19.csv,depression,8,Unnamed: 0 | author | created_utc | score | selftext | subreddit | title | timestamp
depasep19.csv,depression,8,Unnamed: 0 | author | created_utc | score | selftext | subreddit | title | timestamp
depapr20.csv,depression,8,Unnamed: 0 | author | created_utc | score | selftext | subreddit | title | timestamp
depaug20.csv,depression,8,Unnamed: 0 | author | created_utc | score | selftext | subreddit | title | timestamp
depdec20.csv,depression,8,Unnamed: 0 | author | created_utc | score | selftext | subreddit | title | timestamp
depfeb20.csv,depression,8,Unnamed: 0 | author | created_utc | score | selftext | subreddit | title | timestamp
depjan20 .csv,depression,8,Unnamed: 0 | author | created_utc | score | selftext | subreddit | title | timestamp
depjul20.csv,depression,8,Unnamed: 0 | author | created_utc | score | selftext | subreddit | title | timestamp
depjun20.csv,depression,8,Unnamed: 0 | author | created_utc | score | selftext | subreddit | title | timestamp
depmar20.csv,depression,8,Unnamed: 0 | author | created_utc | score | selftext | subreddit | title | timestamp
depmay20.csv,depression,8,Unnamed: 0 | author | created_utc | score | selftext | subreddit | title | timestamp
depnov20.csv,depression,8,Unnamed: 0 | author | created_utc | score | selftext | subreddit | title | timestamp
depoct20.csv,depression,8,Unnamed: 0 | author | created_utc | score | selftext | subreddit | title | timestamp
depsep20.csv,depression,8,Unnamed: 0 | author | created_utc | score | selftext | subreddit | title | timestamp
depapr21.csv,depression,8,Unnamed: 0 | author | created_utc | score | selftext | subreddit | title | timestamp
depaug21.csv,depression,8,Unnamed: 0 | author | created_utc | score | selftext | subreddit | title | timestamp
depdec21.csv,depression,8,Unnamed: 0 | author | created_utc | score | selftext | subreddit | title | timestamp
depfeb21.csv,depression,8,Unnamed: 0 | author | created_utc | score | selftext | subreddit | title | timestamp
dep5jan21.csv,depression,8,Unnamed: 0 | author | created_utc | score | selftext | subreddit | title | timestamp
depjul21.csv,depression,8,Unnamed: 0 | author | created_utc | score | selftext | subreddit | title | timestamp
depjun21.csv,depression,8,Unnamed: 0 | author | created_utc | score | selftext | subreddit | title | timestamp
depmar21.csv,depression,8,Unnamed: 0 | author | created_utc | score | selftext | subreddit | title | timestamp
depnov21.csv,depression,8,Unnamed: 0 | author | created_utc | score | selftext | subreddit | title | timestamp
depoct21.csv,depression,8,Unnamed: 0 | author | created_utc | score | selftext | subreddit | title | timestamp
depsep21.csv,depression,8,Unnamed: 0 | author | created_utc | score | selftext | subreddit | title | timestamp
depapr22.csv,depression,8,Unnamed: 0 | author | created_utc | score | selftext | subreddit | title | timestamp
depaug22.csv,depression,8,Unnamed: 0 | author | created_utc | score | selftext | subreddit | title | timestamp
depfeb22.csv,depression,8,Unnamed: 0 | author | created_utc | score | selftext | subreddit | title | timestamp
depjan22.csv,depression,8,Unnamed: 0 | author | created_utc | score | selftext | subreddit | title | timestamp
depjul22.csv,depression,8,Unnamed: 0 | author | created_utc | score | selftext | subreddit | title | timestamp
depjun22.csv,depression,8,Unnamed: 0 | author | created_utc | score | selftext | subreddit | title | timestamp
depmar22.csv,depression,8,Unnamed: 0 | author | created_utc | score | selftext | subreddit | title | timestamp
depmay22.csv,depression,8,Unnamed: 0 | author | created_utc | score | selftext | subreddit | title | timestamp
loneapr19.csv,loneliness,8,Unnamed: 0 | author | created_utc | score | selftext | subreddit | title | timestamp
lonaug19.csv,loneliness,8,Unnamed: 0 | author | created_utc | score | selftext | subreddit | title | timestamp
lonedec19.csv,loneliness,8,Unnamed: 0 | author | created_utc | score | selftext | subreddit | title | timestamp
lonfeb19.csv,loneliness,8,Unnamed: 0 | author | created_utc | score | selftext | subreddit | title | timestamp
lonejan19.csv,loneliness,8,Unnamed: 0 | author | created_utc | score | selftext | subreddit | title | timestamp
lonejul19.csv,loneliness,8,Unnamed: 0 | author | created_utc | score | selftext | subreddit | title | timestamp
lonejun19.csv,loneliness,8,Unnamed: 0 | author | created_utc | score | selftext | subreddit | title | timestamp
lonmar19.csv,loneliness,8,Unnamed: 0 | author | created_utc | score | selftext | subreddit | title | timestamp
lonemay19.csv,loneliness,8,Unnamed: 0 | author | created_utc | score | selftext | subreddit | title | timestamp
lonnov19.csv,loneliness,8,Unnamed: 0 | author | created_utc | score | selftext | subreddit | title | timestamp
lonoct19.csv,loneliness,8,Unnamed: 0 | author | created_utc | score | selftext | subreddit | title | timestamp
lonasep19.csv,loneliness,8,Unnamed: 0 | author | created_utc | score | selftext | subreddit | title | timestamp
loneapr20.csv,loneliness,8,Unnamed: 0 | author | created_utc | score | selftext | subreddit | title | timestamp
loneaug20.csv,loneliness,8,Unnamed: 0 | author | created_utc | score | selftext | subreddit | title | timestamp
lonedec20.csv,loneliness,8,Unnamed: 0 | author | created_utc | score | selftext | subreddit | title | timestamp
lonefeb20.csv,loneliness,8,Unnamed: 0 | author | created_utc | score | selftext | subreddit | title | timestamp
lonejan20.csv,loneliness,8,Unnamed: 0 | author | created_utc | score | selftext | subreddit | title | timestamp
lonejul20.csv,loneliness,8,Unnamed: 0 | author | created_utc | score | selftext | subreddit | title | timestamp
lonejun20.csv,loneliness,8,Unnamed: 0 | author | created_utc | score | selftext | subreddit | title | timestamp
lonemar20.csv,loneliness,8,Unnamed: 0 | author | created_utc | score | selftext | subreddit | title | timestamp
lonemay20.csv,loneliness,8,Unnamed: 0 | author | created_utc | score | selftext | subreddit | title | timestamp
lonenov20.csv,loneliness,8,Unnamed: 0 | author | created_utc | score | selftext | subreddit | title | timestamp
loneoct20.csv,loneliness,8,Unnamed: 0 | author | created_utc | score | selftext | subreddit | title | timestamp
lonesep20.csv,loneliness,8,Unnamed: 0 | author | created_utc | score | selftext | subreddit | title | timestamp
loneapr21.csv,loneliness,8,Unnamed: 0 | author | created_utc | score | selftext | subreddit | title | timestamp
loneaug21.csv,loneliness,8,Unnamed: 0 | author | created_utc | score | selftext | subreddit | title | timestamp
lonepdec21.csv,loneliness,8,Unnamed: 0 | author | created_utc | score | selftext | subreddit | title | timestamp
lonefeb21.csv,loneliness,8,Unnamed: 0 | author | created_utc | score | selftext | subreddit | title | timestamp
lonejan21.csv,loneliness,8,Unnamed: 0 | author | created_utc | score | selftext | subreddit | title | timestamp
lonejul21.csv,loneliness,8,Unnamed: 0 | author | created_utc | score | selftext | subreddit | title | timestamp
lonejun21.csv,loneliness,8,Unnamed: 0 | author | created_utc | score | selftext | subreddit | title | timestamp
lonmar21.csv,loneliness,8,Unnamed: 0 | author | created_utc | score | selftext | subreddit | title | timestamp
lonemay21.csv,loneliness,8,Unnamed: 0 | author | created_utc | score | selftext | subreddit | title | timestamp
lonenov21.csv,loneliness,8,Unnamed: 0 | author | created_utc | score | selftext | subreddit | title | timestamp
loneoct21.csv,loneliness,8,Unnamed: 0 | author | created_utc | score | selftext | subreddit | title | timestamp
lonesep21.csv,loneliness,8,Unnamed: 0 | author | created_utc | score | selftext | subreddit | title | timestamp
loneapr22.csv,loneliness,8,Unnamed: 0 | author | created_utc | score | selftext | subreddit | title | timestamp
loneaug22.csv,loneliness,8,Unnamed: 0 | author | created_utc | score | selftext | subreddit | title | timestamp
lonefeb22.csv,loneliness,8,Unnamed: 0 | author | created_utc | score | selftext | subreddit | title | timestamp
lonejan22.csv,loneliness,8,Unnamed: 0 | author | created_utc | score | selftext | subreddit | title | timestamp
lonejul22.csv,loneliness,8,Unnamed: 0 | author | created_utc | score | selftext | subreddit | title | timestamp
lone1jun22.csv,loneliness,8,Unnamed: 0 | author | created_utc | score | selftext | subreddit | title | timestamp
lonmar22.csv,loneliness,8,Unnamed: 0 | author | created_utc | score | selftext | subreddit | title | timestamp
lonemay22.csv,loneliness,8,Unnamed: 0 | author | created_utc | score | selftext | subreddit | title | timestamp
