class,year,month,month_folder,filename,rows,relative_path
depression,2019,4,apr,depapr19.csv,14277,2019\apr\depapr19.csv
depression,2019,8,Aug,depjaug19.csv,15320,2019\Aug\depjaug19.csv
depression,2019,12,dec,depdec19.csv,7964,2019\dec\depdec19.csv
depression,2019,2,feb,depfeb19.csv,12535,2019\feb\depfeb19.csv
depression,2019,1,JAN,depjan19.csv,12818,2019\JAN\depjan19.csv
depression,2019,7,jul,depjul19.csv,15705,2019\jul\depjul19.csv
depression,2019,6,june,depjun19.csv,14912,2019\june\depjun19.csv
depression,2019,3,mar,depmar19.csv,14513,2019\mar\depmar19.csv
depression,2019,5,MAy,depamay19.csv,14806,2019\MAy\depamay19.csv
depression,2019,11,nov,sdepnov19.csv,17284,2019\nov\sdepnov19.csv
depression,2019,10,oct,depoct19.csv,17798,2019\oct\depoct19.csv
depression,2019,9,sep,depasep19.csv,15782,2019\sep\depasep19.csv
depression,2020,4,Apr 20,depapr20.csv,14355,2020\Apr 20\depapr20.csv
depression,2020,8,Aug 20,depaug20.csv,14344,2020\Aug 20\depaug20.csv
depression,2020,12,Dec 20,depdec20.csv,19266,2020\Dec 20\depdec20.csv
depression,2020,2,Feb20,depfeb20.csv,16400,2020\Feb20\depfeb20.csv
depression,2020,1,Jan 20,depjan20 .csv,17516,2020\Jan 20\depjan20 .csv
depression,2020,7,Jul 20,depjul20.csv,15780,2020\Jul 20\depjul20.csv
depression,2020,6,June 20,depjun20.csv,15462,2020\June 20\depjun20.csv
depression,2020,3,Mar 20,depmar20.csv,15199,2020\Mar 20\depmar20.csv
depression,2020,5,May 20,depmay20.csv,15690,2020\May 20\depmay20.csv
depression,2020,11,Nov 20,depnov20.csv,16332,2020\Nov 20\depnov20.csv
depression,2020,10,Oct 20,depoct20.csv,14098,2020\Oct 20\depoct20.csv
depression,2020,9,Sep 20,depsep20.csv,13598,2020\Sep 20\depsep20.csv
depression,2021,4,Apr 21,depapr21.csv,14292,2021\Apr 21\depapr21.csv
depression,2021,8,Aug 21,depaug21.csv,15868,2021\Aug 21\depaug21.csv
depression,2021,12,Dec 21,depdec21.csv,14962,2021\Dec 21\depdec21.csv
depression,2021,2,Feb21,depfeb21.csv,14330,2021\Feb21\depfeb21.csv
depression,2021,1,Jan 21,dep5jan21.csv,18707,2021\Jan 21\dep5jan21.csv
depression,2021,7,Jul 21,depjul21.csv,15354,2021\Jul 21\depjul21.csv
depression,2021,6,June 21,depjun21.csv,15253,2021\June 21\depjun21.csv
depression,2021,3,Mar 21,depmar21.csv,9390,2021\Mar 21\depmar21.csv
depression,2021,11,Nov 21,depnov21.csv,16210,2021\Nov 21\depnov21.csv
depression,2021,10,Oct 21,depoct21.csv,16116,2021\Oct 21\depoct21.csv
depression,2021,9,Sep 21,depsep21.csv,15478,2021\Sep 21\depsep21.csv
depression,2022,4,Apr 22,depapr22.csv,13226,2022\Apr 22\depapr22.csv
depression,2022,8,Aug 22,depaug22.csv,11991,2022\Aug 22\depaug22.csv
depression,2022,2,Feb22,depfeb22.csv,13152,2022\Feb22\depfeb22.csv
depression,2022,1,Jan 22,depjan22.csv,14953,2022\Jan 22\depjan22.csv
depression,2022,7,Jul 22,depjul22.csv,12523,2022\Jul 22\depjul22.csv
depression,2022,6,June 22,depjun22.csv,12695,2022\June 22\depjun22.csv
depression,2022,3,Mar 22,depmar22.csv,14459,2022\Mar 22\depmar22.csv
depression,2022,5,May 22,depmay22.csv,13911,2022\May 22\depmay22.csv
loneliness,2019,4,apr,loneapr19.csv,1188,2019\apr\loneapr19.csv
loneliness,2019,8,Aug,lonaug19.csv,2110,2019\Aug\lonaug19.csv
loneliness,2019,12,dec,lonedec19.csv,2906,2019\dec\lonedec19.csv
loneliness,2019,2,feb,lonfeb19.csv,1041,2019\feb\lonfeb19.csv
loneliness,2019,1,JAN,lonejan19.csv,1076,2019\JAN\lonejan19.csv
loneliness,2019,7,jul,lonejul19.csv,1937,2019\jul\lonejul19.csv
loneliness,2019,6,june,lonejun19.csv,1582,2019\june\lonejun19.csv
loneliness,2019,3,mar,lonmar19.csv,1011,2019\mar\lonmar19.csv
loneliness,2019,5,MAy,lonemay19.csv,1315,2019\MAy\lonemay19.csv
loneliness,2019,11,nov,lonnov19.csv,2567,2019\nov\lonnov19.csv
loneliness,2019,10,oct,lonoct19.csv,2382,2019\oct\lonoct19.csv
loneliness,2019,9,sep,lonasep19.csv,2142,2019\sep\lonasep19.csv
loneliness,2020,4,Apr 20,loneapr20.csv,3021,2020\Apr 20\loneapr20.csv
loneliness,2020,8,Aug 20,loneaug20.csv,3213,2020\Aug 20\loneaug20.csv
loneliness,2020,12,Dec 20,lonedec20.csv,4496,2020\Dec 20\lonedec20.csv
loneliness,2020,2,Feb20,lonefeb20.csv,3189,2020\Feb20\lonefeb20.csv
loneliness,2020,1,Jan 20,lonejan20.csv,3061,2020\Jan 20\lonejan20.csv
loneliness,2020,7,Jul 20,lonejul20.csv,3345,2020\Jul 20\lonejul20.csv
loneliness,2020,6,June 20,lonejun20.csv,2956,2020\June 20\lonejun20.csv
loneliness,2020,3,Mar 20,lonemar20.csv,3229,2020\Mar 20\lonemar20.csv
loneliness,2020,5,May 20,lonemay20.csv,2996,2020\May 20\lonemay20.csv
loneliness,2020,11,Nov 20,lonenov20.csv,3808,2020\Nov 20\lonenov20.csv
loneliness,2020,10,Oct 20,loneoct20.csv,3153,2020\Oct 20\loneoct20.csv
loneliness,2020,9,Sep 20,lonesep20.csv,2901,2020\Sep 20\lonesep20.csv
loneliness,2021,4,Apr 21,loneapr21.csv,3747,2021\Apr 21\loneapr21.csv
loneliness,2021,8,Aug 21,loneaug21.csv,4864,2021\Aug 21\loneaug21.csv
loneliness,2021,12,Dec 21,lonepdec21.csv,5914,2021\Dec 21\lonepdec21.csv
loneliness,2021,2,Feb21,lonefeb21.csv,3428,2021\Feb21\lonefeb21.csv
loneliness,2021,1,Jan 21,lonejan21.csv,4382,2021\Jan 21\lonejan21.csv
loneliness,2021,7,Jul 21,lonejul21.csv,4763,2021\Jul 21\lonejul21.csv
loneliness,2021,6,June 21,lonejun21.csv,4352,2021\June 21\lonejun21.csv
loneliness,2021,3,Mar 21,lonmar21.csv,2157,2021\Mar 21\lonmar21.csv
loneliness,2021,5,May 21,lonemay21.csv,4506,2021\May 21\lonemay21.csv
loneliness,2021,11,Nov 21,lonenov21.csv,5871,2021\Nov 21\lonenov21.csv
loneliness,2021,10,Oct 21,loneoct21.csv,5222,2021\Oct 21\loneoct21.csv
loneliness,2021,9,Sep 21,lonesep21.csv,4409,2021\Sep 21\lonesep21.csv
loneliness,2022,4,Apr 22,loneapr22.csv,5201,2022\Apr 22\loneapr22.csv
loneliness,2022,8,Aug 22,loneaug22.csv,5831,2022\Aug 22\loneaug22.csv
loneliness,2022,2,Feb22,lonefeb22.csv,4725,2022\Feb22\lonefeb22.csv
loneliness,2022,1,Jan 22,lonejan22.csv,5215,2022\Jan 22\lonejan22.csv
loneliness,2022,7,Jul 22,lonejul22.csv,5705,2022\Jul 22\lonejul22.csv
loneliness,2022,6,June 22,lone1jun22.csv,5447,2022\June 22\lone1jun22.csv
loneliness,2022,3,Mar 22,lonmar22.csv,5402,2022\Mar 22\lonmar22.csv
loneliness,2022,5,May 22,lonemay22.csv,5595,2022\May 22\lonemay22.csv
