Emotion,Threshold,F1
anger,0.1,0.7003154574132492
anger,0.11,0.7130620985010707
anger,0.12,0.7191256830601093
anger,0.13,0.7218543046357616
anger,0.14,0.7317620650953984
anger,0.15,0.7367231638418079
anger,0.16,0.7397260273972602
anger,0.17,0.7476851851851852
anger,0.18,0.7532163742690059
anger,0.19,0.7529411764705882
anger,0.2,0.7505938242280285
anger,0.21,0.7559808612440191
anger,0.22,0.7596153846153846
anger,0.23,0.7642079806529625
anger,0.24,0.7634146341463415
anger,0.25,0.7665847665847666
anger,0.26,0.7654320987654321
anger,0.27,0.7709637046307884
anger,0.28,0.7748427672955975
anger,0.29,0.7776365946632783
anger,0.3,0.7739463601532567
anger,0.31,0.7757731958762887
anger,0.32,0.7756160830090791
anger,0.33,0.7732634338138925
anger,0.34,0.7714663143989432
anger,0.35,0.776
anger,0.36,0.7795698924731183
anger,0.37,0.782608695652174
anger,0.38,0.7791495198902606
anger,0.39,0.7768595041322314
anger,0.4,0.7743732590529248
anger,0.41,0.7791842475386779
anger,0.42,0.7818696883852692
anger,0.43,0.7817403708987162
anger,0.44,0.7780979827089337
anger,0.45,0.7743813682678311
anger,0.46,0.7777777777777778
anger,0.47,0.7703703703703704
anger,0.48,0.7749627421758569
anger,0.49,0.7729323308270677
anger,0.5,0.7685325264750378
anger,0.51,0.7696969696969697
anger,0.52,0.774390243902439
anger,0.53,0.7668711656441718
anger,0.54,0.7616099071207431
anger,0.55,0.7601246105919003
anger,0.56,0.759375
anger,0.57,0.752755905511811
anger,0.58,0.757527733755943
anger,0.59,0.753577106518283
anger,0.6,0.7576243980738363
anger,0.61,0.7548387096774194
anger,0.62,0.7544715447154472
anger,0.63,0.7463175122749591
anger,0.64,0.7401315789473685
anger,0.65,0.7354409317803661
anger,0.66,0.7324414715719063
anger,0.67,0.7306397306397306
anger,0.68,0.7247863247863248
anger,0.69,0.7150259067357513
anger,0.7,0.7105719237435009
anger,0.71,0.6970227670753065
anger,0.72,0.6855123674911661
anger,0.73,0.6761565836298933
anger,0.74,0.6618444846292948
anger,0.75,0.6581818181818182
anger,0.76,0.656934306569343
anger,0.77,0.653211009174312
anger,0.78,0.6431226765799256
anger,0.79,0.6380597014925373
anger,0.8,0.6341463414634146
anger,0.81,0.6145038167938931
anger,0.82,0.6076923076923076
anger,0.83,0.5803921568627451
anger,0.84,0.5663366336633663
anger,0.85,0.5513078470824949
anger,0.86,0.5346938775510204
anger,0.87,0.5155925155925156
anger,0.88,0.4989429175475687
anger,0.89,0.4731182795698925
anger,0.9,0.45414847161572053
brain dysfunction (forget),0.1,0.3706467661691542
brain dysfunction (forget),0.11,0.37582128777923784
brain dysfunction (forget),0.12,0.3884297520661157
brain dysfunction (forget),0.13,0.3994211287988423
brain dysfunction (forget),0.14,0.4047976011994003
brain dysfunction (forget),0.15,0.4162754303599374
brain dysfunction (forget),0.16,0.420545746388443
brain dysfunction (forget),0.17,0.41983471074380163
brain dysfunction (forget),0.18,0.4290657439446367
brain dysfunction (forget),0.19,0.4329159212880143
brain dysfunction (forget),0.2,0.4358974358974359
brain dysfunction (forget),0.21,0.4372623574144487
brain dysfunction (forget),0.22,0.43222003929273084
brain dysfunction (forget),0.23,0.4342629482071713
brain dysfunction (forget),0.24,0.44672131147540983
brain dysfunction (forget),0.25,0.44863731656184486
brain dysfunction (forget),0.26,0.45064377682403434
brain dysfunction (forget),0.27,0.4503311258278146
brain dysfunction (forget),0.28,0.45495495495495497
brain dysfunction (forget),0.29,0.46335697399527187
brain dysfunction (forget),0.3,0.454320987654321
brain dysfunction (forget),0.31,0.4506329113924051
brain dysfunction (forget),0.32,0.45595854922279794
brain dysfunction (forget),0.33,0.4533333333333333
brain dysfunction (forget),0.34,0.4486486486486487
brain dysfunction (forget),0.35,0.430939226519337
brain dysfunction (forget),0.36,0.43352601156069365
brain dysfunction (forget),0.37,0.43529411764705883
brain dysfunction (forget),0.38,0.4397590361445783
brain dysfunction (forget),0.39,0.453416149068323
brain dysfunction (forget),0.4,0.4507936507936508
brain dysfunction (forget),0.41,0.4495114006514658
brain dysfunction (forget),0.42,0.4429530201342282
brain dysfunction (forget),0.43,0.4246575342465753
brain dysfunction (forget),0.44,0.42214532871972316
brain dysfunction (forget),0.45,0.4295774647887324
brain dysfunction (forget),0.46,0.4157706093189964
brain dysfunction (forget),0.47,0.40892193308550184
brain dysfunction (forget),0.48,0.40458015267175573
brain dysfunction (forget),0.49,0.40310077519379844
brain dysfunction (forget),0.5,0.4
brain dysfunction (forget),0.51,0.4
brain dysfunction (forget),0.52,0.38333333333333336
brain dysfunction (forget),0.53,0.36909871244635195
brain dysfunction (forget),0.54,0.3392857142857143
brain dysfunction (forget),0.55,0.33636363636363636
brain dysfunction (forget),0.56,0.32558139534883723
brain dysfunction (forget),0.57,0.3286384976525822
brain dysfunction (forget),0.58,0.2912621359223301
brain dysfunction (forget),0.59,0.26
brain dysfunction (forget),0.6,0.2436548223350254
brain dysfunction (forget),0.61,0.21164021164021163
brain dysfunction (forget),0.62,0.1837837837837838
brain dysfunction (forget),0.63,0.15469613259668508
brain dysfunction (forget),0.64,0.14606741573033707
brain dysfunction (forget),0.65,0.125
brain dysfunction (forget),0.66,0.11494252873563218
brain dysfunction (forget),0.67,0.10404624277456648
brain dysfunction (forget),0.68,0.10404624277456648
brain dysfunction (forget),0.69,0.10404624277456648
brain dysfunction (forget),0.7,0.09302325581395349
brain dysfunction (forget),0.71,0.07058823529411765
brain dysfunction (forget),0.72,0.024096385542168676
brain dysfunction (forget),0.73,0.024096385542168676
brain dysfunction (forget),0.74,0.024096385542168676
brain dysfunction (forget),0.75,0.012121212121212121
brain dysfunction (forget),0.76,0.012121212121212121
brain dysfunction (forget),0.77,0.0
brain dysfunction (forget),0.78,0.0
brain dysfunction (forget),0.79,0.0
brain dysfunction (forget),0.8,0.0
brain dysfunction (forget),0.81,0.0
brain dysfunction (forget),0.82,0.0
brain dysfunction (forget),0.83,0.0
brain dysfunction (forget),0.84,0.0
brain dysfunction (forget),0.85,0.0
brain dysfunction (forget),0.86,0.0
brain dysfunction (forget),0.87,0.0
brain dysfunction (forget),0.88,0.0
brain dysfunction (forget),0.89,0.0
brain dysfunction (forget),0.9,0.0
emptiness,0.1,0.7096774193548387
emptiness,0.11,0.720168954593453
emptiness,0.12,0.7259100642398287
emptiness,0.13,0.7313915857605178
emptiness,0.14,0.7368421052631579
emptiness,0.15,0.74
emptiness,0.16,0.7466367713004485
emptiness,0.17,0.7519818799546999
emptiness,0.18,0.7548460661345496
emptiness,0.19,0.7568807339449541
emptiness,0.2,0.7592592592592593
emptiness,0.21,0.764018691588785
emptiness,0.22,0.7668639053254438
emptiness,0.23,0.7679425837320574
emptiness,0.24,0.7705314009661836
emptiness,0.25,0.775609756097561
emptiness,0.26,0.7769607843137255
emptiness,0.27,0.7768187422934648
emptiness,0.28,0.7753086419753087
emptiness,0.29,0.7763819095477387
emptiness,0.3,0.7773584905660378
emptiness,0.31,0.7807351077313055
emptiness,0.32,0.7811704834605598
emptiness,0.33,0.7836107554417413
emptiness,0.34,0.7845161290322581
emptiness,0.35,0.7829457364341085
emptiness,0.36,0.7833981841763943
emptiness,0.37,0.7838541666666666
emptiness,0.38,0.7859007832898173
emptiness,0.39,0.783748361730013
emptiness,0.4,0.7868421052631579
emptiness,0.41,0.7889182058047494
emptiness,0.42,0.7866666666666666
emptiness,0.43,0.7838926174496644
emptiness,0.44,0.7806191117092867
emptiness,0.45,0.7821380243572396
emptiness,0.46,0.7836734693877551
emptiness,0.47,0.7884615384615384
emptiness,0.48,0.7867036011080333
emptiness,0.49,0.7850208044382802
emptiness,0.5,0.7844228094575799
emptiness,0.51,0.786013986013986
emptiness,0.52,0.7859154929577464
emptiness,0.53,0.788135593220339
emptiness,0.54,0.7914893617021277
emptiness,0.55,0.7902995720399429
emptiness,0.56,0.7925608011444921
emptiness,0.57,0.7925608011444921
emptiness,0.58,0.7976878612716763
emptiness,0.59,0.7936046511627907
emptiness,0.6,0.787701317715959
emptiness,0.61,0.7876106194690266
emptiness,0.62,0.7804154302670623
emptiness,0.63,0.7742899850523169
emptiness,0.64,0.7747747747747747
emptiness,0.65,0.7727272727272727
emptiness,0.66,0.7689969604863222
emptiness,0.67,0.7652439024390244
emptiness,0.68,0.7638036809815951
emptiness,0.69,0.7623456790123457
emptiness,0.7,0.7647058823529411
emptiness,0.71,0.7601246105919003
emptiness,0.72,0.7543035993740219
emptiness,0.73,0.750392464678179
emptiness,0.74,0.7428571428571429
emptiness,0.75,0.7383627608346709
emptiness,0.76,0.7325769854132901
emptiness,0.77,0.7299509001636661
emptiness,0.78,0.7185430463576159
emptiness,0.79,0.7123745819397993
emptiness,0.8,0.7006802721088435
emptiness,0.81,0.6984667802385008
emptiness,0.82,0.6896551724137931
emptiness,0.83,0.680628272251309
emptiness,0.84,0.6830122591943958
emptiness,0.85,0.679646017699115
emptiness,0.86,0.658273381294964
emptiness,0.87,0.6484517304189436
emptiness,0.88,0.6309963099630996
emptiness,0.89,0.6116322701688556
emptiness,0.9,0.5980952380952381
hopelessness,0.1,0.846307385229541
hopelessness,0.11,0.8489304812834224
hopelessness,0.12,0.8512064343163539
hopelessness,0.13,0.8557951482479784
hopelessness,0.14,0.8598510494245092
hopelessness,0.15,0.8614130434782609
hopelessness,0.16,0.8649386084583902
hopelessness,0.17,0.8667122351332878
hopelessness,0.18,0.8687285223367698
hopelessness,0.19,0.8701657458563536
hopelessness,0.2,0.871191135734072
hopelessness,0.21,0.8714384989576095
hopelessness,0.22,0.8716875871687587
hopelessness,0.23,0.8722958827634334
hopelessness,0.24,0.8735150244584207
hopelessness,0.25,0.8717589348283111
hopelessness,0.26,0.8701754385964913
hopelessness,0.27,0.8724453840732911
hopelessness,0.28,0.8719037508846426
hopelessness,0.29,0.8733997155049786
hopelessness,0.3,0.8744650499286734
hopelessness,0.31,0.873481057898499
hopelessness,0.32,0.8739255014326648
hopelessness,0.33,0.8764367816091954
hopelessness,0.34,0.877521613832853
hopelessness,0.35,0.8794223826714801
hopelessness,0.36,0.8786127167630058
hopelessness,0.37,0.8786127167630058
hopelessness,0.38,0.8801742919389978
hopelessness,0.39,0.8833819241982507
hopelessness,0.4,0.8840262582056893
hopelessness,0.41,0.885317750182615
hopelessness,0.42,0.884981684981685
hopelessness,0.43,0.8854625550660793
hopelessness,0.44,0.8856088560885609
hopelessness,0.45,0.8867505551443375
hopelessness,0.46,0.8841010401188707
hopelessness,0.47,0.8847583643122676
hopelessness,0.48,0.8842419716206124
hopelessness,0.49,0.8843843843843844
hopelessness,0.5,0.8838612368024132
hopelessness,0.51,0.8770864946889226
hopelessness,0.52,0.8760456273764259
hopelessness,0.53,0.8748091603053435
hopelessness,0.54,0.8746177370030581
hopelessness,0.55,0.8757668711656442
hopelessness,0.56,0.8725868725868726
hopelessness,0.57,0.8708430007733952
hopelessness,0.58,0.8688906128782001
hopelessness,0.59,0.8684824902723736
hopelessness,0.6,0.868071818891491
hopelessness,0.61,0.8676585747846516
hopelessness,0.62,0.8665620094191523
hopelessness,0.63,0.8647798742138365
hopelessness,0.64,0.862992125984252
hopelessness,0.65,0.8609794628751974
hopelessness,0.66,0.8614410134600158
hopelessness,0.67,0.8603174603174604
hopelessness,0.68,0.8573705179282869
hopelessness,0.69,0.8571428571428571
hopelessness,0.7,0.8557692307692307
hopelessness,0.71,0.8539144471347861
hopelessness,0.72,0.8508914100486223
hopelessness,0.73,0.8501628664495114
hopelessness,0.74,0.8454619787408013
hopelessness,0.75,0.8467874794069192
hopelessness,0.76,0.8446280991735537
hopelessness,0.77,0.8445552784704904
hopelessness,0.78,0.845
hopelessness,0.79,0.8411371237458194
hopelessness,0.8,0.837248322147651
hopelessness,0.81,0.8330522765598651
hopelessness,0.82,0.8298052497883149
hopelessness,0.83,0.8209083119108826
hopelessness,0.84,0.8185726569217541
hopelessness,0.85,0.8155844155844156
hopelessness,0.86,0.8108108108108109
hopelessness,0.87,0.8080985915492958
hopelessness,0.88,0.8024800708591674
hopelessness,0.89,0.7982142857142858
hopelessness,0.9,0.7865576748410535
loneliness,0.1,0.7948243992606284
loneliness,0.11,0.7962616822429907
loneliness,0.12,0.7973609802073516
loneliness,0.13,0.8069164265129684
loneliness,0.14,0.8054474708171206
loneliness,0.15,0.8074291300097751
loneliness,0.16,0.8118811881188119
loneliness,0.17,0.812
loneliness,0.18,0.8190091001011123
loneliness,0.19,0.8224489795918367
loneliness,0.2,0.8242548818088387
loneliness,0.21,0.8243801652892562
loneliness,0.22,0.822429906542056
loneliness,0.23,0.8200836820083682
loneliness,0.24,0.8222923238696109
loneliness,0.25,0.8257655755015839
loneliness,0.26,0.8259023354564756
loneliness,0.27,0.8265524625267666
loneliness,0.28,0.8327939590075513
loneliness,0.29,0.8333333333333334
loneliness,0.3,0.8333333333333334
loneliness,0.31,0.8329718004338394
loneliness,0.32,0.8353326063249727
loneliness,0.33,0.8333333333333334
loneliness,0.34,0.8338833883388339
loneliness,0.35,0.8325991189427313
loneliness,0.36,0.8349944629014396
loneliness,0.37,0.8320355951056729
loneliness,0.38,0.8348214285714286
loneliness,0.39,0.8353863381858903
loneliness,0.4,0.837471783295711
loneliness,0.41,0.8386363636363636
loneliness,0.42,0.8405466970387244
loneliness,0.43,0.8392246294184721
loneliness,0.44,0.8388571428571429
loneliness,0.45,0.8384879725085911
loneliness,0.46,0.8350634371395617
loneliness,0.47,0.8348837209302326
loneliness,0.48,0.8354725787631272
loneliness,0.49,0.8384074941451991
loneliness,0.5,0.8386336866902238
loneliness,0.51,0.8402366863905325
loneliness,0.52,0.836104513064133
loneliness,0.53,0.8357142857142857
loneliness,0.54,0.8353221957040573
loneliness,0.55,0.8283313325330132
loneliness,0.56,0.827503015681544
loneliness,0.57,0.8270858524788391
loneliness,0.58,0.8195121951219512
loneliness,0.59,0.8200734394124847
loneliness,0.6,0.8171779141104294
loneliness,0.61,0.8152709359605911
loneliness,0.62,0.8079306071871127
loneliness,0.63,0.8059701492537313
loneliness,0.64,0.8064918851435705
loneliness,0.65,0.8075
loneliness,0.66,0.8085106382978723
loneliness,0.67,0.8050314465408805
loneliness,0.68,0.8020176544766708
loneliness,0.69,0.7959442332065906
loneliness,0.7,0.789272030651341
loneliness,0.71,0.7877237851662404
loneliness,0.72,0.7799227799227799
loneliness,0.73,0.7782101167315175
loneliness,0.74,0.7670157068062827
loneliness,0.75,0.761528326745718
loneliness,0.76,0.7509986684420772
loneliness,0.77,0.7493333333333333
loneliness,0.78,0.7446236559139785
loneliness,0.79,0.7395411605937922
loneliness,0.8,0.7364130434782609
loneliness,0.81,0.7270233196159122
loneliness,0.82,0.7237569060773481
loneliness,0.83,0.7148817802503477
loneliness,0.84,0.7122905027932961
loneliness,0.85,0.7052186177715092
loneliness,0.86,0.7025495750708215
loneliness,0.87,0.6970128022759602
loneliness,0.88,0.6763005780346821
loneliness,0.89,0.6608187134502924
loneliness,0.9,0.642962962962963
sadness,0.1,0.8773234200743495
sadness,0.11,0.8773234200743495
sadness,0.12,0.8773234200743495
sadness,0.13,0.8795031055900621
sadness,0.14,0.8805970149253731
sadness,0.15,0.8827930174563591
sadness,0.16,0.8827930174563591
sadness,0.17,0.8827930174563591
sadness,0.18,0.8833437305053026
sadness,0.19,0.88375
sadness,0.2,0.884302689180738
sadness,0.21,0.8870765370138017
sadness,0.22,0.8876333961079724
sadness,0.23,0.8867924528301887
sadness,0.24,0.8853904282115869
sadness,0.25,0.8874841972187105
sadness,0.26,0.8902980342422321
sadness,0.27,0.8901587301587301
sadness,0.28,0.8918575063613231
sadness,0.29,0.89171974522293
sadness,0.3,0.8914431673052363
sadness,0.31,0.8924455825864277
sadness,0.32,0.8947368421052632
sadness,0.33,0.8963296844816484
sadness,0.34,0.8953488372093024
sadness,0.35,0.8946347769877182
sadness,0.36,0.8950777202072538
sadness,0.37,0.8974025974025974
sadness,0.38,0.8966861598440545
sadness,0.39,0.8958333333333334
sadness,0.4,0.8961463096015676
sadness,0.41,0.8965968586387435
sadness,0.42,0.8964613368283093
sadness,0.43,0.8967784352399737
sadness,0.44,0.8979591836734694
sadness,0.45,0.9015201586252478
sadness,0.46,0.9006622516556292
sadness,0.47,0.9018567639257294
sadness,0.48,0.9035262807717898
sadness,0.49,0.9026666666666666
sadness,0.5,0.9016722408026756
sadness,0.51,0.9033557046979865
sadness,0.52,0.902488231338265
sadness,0.53,0.9020931802835922
sadness,0.54,0.9004739336492891
sadness,0.55,0.9009497964721845
sadness,0.56,0.9000679809653297
sadness,0.57,0.8982935153583618
sadness,0.58,0.9001367989056087
sadness,0.59,0.8982118294360385
sadness,0.6,0.8999309868875086
sadness,0.61,0.8975069252077562
sadness,0.62,0.8979875086745316
sadness,0.63,0.8977035490605428
sadness,0.64,0.895397489539749
sadness,0.65,0.894331700489853
sadness,0.66,0.8934081346423562
sadness,0.67,0.8931082981715893
sadness,0.68,0.8898305084745762
sadness,0.69,0.8888888888888888
sadness,0.7,0.8885734563520227
sadness,0.71,0.8858773181169758
sadness,0.72,0.882986360373295
sadness,0.73,0.8818443804034583
sadness,0.74,0.8793604651162791
sadness,0.75,0.8773722627737226
sadness,0.76,0.8728875826598089
sadness,0.77,0.8656273199703044
sadness,0.78,0.8618371919342793
sadness,0.79,0.8620689655172413
sadness,0.8,0.8599545798637396
sadness,0.81,0.852559205500382
sadness,0.82,0.8516228748068007
sadness,0.83,0.8442367601246106
sadness,0.84,0.8359621451104101
sadness,0.85,0.8270916334661355
sadness,0.86,0.819935691318328
sadness,0.87,0.8058727569331158
sadness,0.88,0.7933884297520661
sadness,0.89,0.777027027027027
sadness,0.9,0.7615780445969125
suicide intent,0.1,0.6977491961414791
suicide intent,0.11,0.7056910569105691
suicide intent,0.12,0.7197346600331676
suicide intent,0.13,0.7294117647058823
suicide intent,0.14,0.733446519524618
suicide intent,0.15,0.7517482517482518
suicide intent,0.16,0.7543859649122807
suicide intent,0.17,0.7513227513227513
suicide intent,0.18,0.7526881720430108
suicide intent,0.19,0.7540394973070018
suicide intent,0.2,0.7513611615245009
suicide intent,0.21,0.7554744525547445
suicide intent,0.22,0.7573529411764706
suicide intent,0.23,0.7602996254681648
suicide intent,0.24,0.7628083491461101
suicide intent,0.25,0.767175572519084
suicide intent,0.26,0.7730769230769231
suicide intent,0.27,0.7790697674418605
suicide intent,0.28,0.7827788649706457
suicide intent,0.29,0.7874015748031497
suicide intent,0.3,0.7936507936507936
suicide intent,0.31,0.7944111776447106
suicide intent,0.32,0.7919191919191919
suicide intent,0.33,0.7959183673469388
suicide intent,0.34,0.7967145790554415
suicide intent,0.35,0.7958762886597938
suicide intent,0.36,0.7966804979253111
suicide intent,0.37,0.7916666666666666
suicide intent,0.38,0.7924528301886793
suicide intent,0.39,0.7932489451476793
suicide intent,0.4,0.7914893617021277
suicide intent,0.41,0.7974137931034483
suicide intent,0.42,0.7922077922077922
suicide intent,0.43,0.7930283224400871
suicide intent,0.44,0.7912087912087912
suicide intent,0.45,0.788546255506608
suicide intent,0.46,0.7831858407079646
suicide intent,0.47,0.7829977628635347
suicide intent,0.48,0.7820224719101123
suicide intent,0.49,0.7855530474040632
suicide intent,0.5,0.7835990888382688
suicide intent,0.51,0.7835990888382688
suicide intent,0.52,0.7853881278538812
suicide intent,0.53,0.7853881278538812
suicide intent,0.54,0.7844036697247706
suicide intent,0.55,0.7777777777777778
suicide intent,0.56,0.7795823665893271
suicide intent,0.57,0.7681498829039812
suicide intent,0.58,0.7677725118483413
suicide intent,0.59,0.7589498806682577
suicide intent,0.6,0.7607655502392344
suicide intent,0.61,0.7607655502392344
suicide intent,0.62,0.7554479418886199
suicide intent,0.63,0.754257907542579
suicide intent,0.64,0.7518427518427518
suicide intent,0.65,0.7487684729064039
suicide intent,0.66,0.745679012345679
suicide intent,0.67,0.7418546365914787
suicide intent,0.68,0.7386934673366834
suicide intent,0.69,0.7430025445292621
suicide intent,0.7,0.7352185089974294
suicide intent,0.71,0.7286821705426356
suicide intent,0.72,0.7239583333333334
suicide intent,0.73,0.7172774869109948
suicide intent,0.74,0.7074468085106383
suicide intent,0.75,0.704
suicide intent,0.76,0.7043010752688172
suicide intent,0.77,0.7081081081081081
suicide intent,0.78,0.6994535519125683
suicide intent,0.79,0.6796657381615598
suicide intent,0.8,0.6815642458100558
suicide intent,0.81,0.6741573033707865
suicide intent,0.82,0.6571428571428571
suicide intent,0.83,0.653179190751445
suicide intent,0.84,0.641399416909621
suicide intent,0.85,0.6374269005847953
suicide intent,0.86,0.6253687315634219
suicide intent,0.87,0.6006006006006006
suicide intent,0.88,0.5792682926829268
suicide intent,0.89,0.5572755417956656
suicide intent,0.9,0.5443037974683544
worthlessness,0.1,0.7464435146443514
worthlessness,0.11,0.7523245984784447
worthlessness,0.12,0.7534013605442177
worthlessness,0.13,0.7559726962457338
worthlessness,0.14,0.7607573149741824
worthlessness,0.15,0.7662901824500434
worthlessness,0.16,0.7661431064572426
worthlessness,0.17,0.7686895338610378
worthlessness,0.18,0.7692307692307693
worthlessness,0.19,0.7690941385435168
worthlessness,0.2,0.7696428571428572
worthlessness,0.21,0.774077407740774
worthlessness,0.22,0.7750677506775068
worthlessness,0.23,0.7763636363636364
worthlessness,0.24,0.781651376146789
worthlessness,0.25,0.7845303867403315
worthlessness,0.26,0.7859778597785978
worthlessness,0.27,0.7877664504170528
worthlessness,0.28,0.7866419294990723
worthlessness,0.29,0.788785046728972
worthlessness,0.3,0.7891283973758201
worthlessness,0.31,0.7909604519774012
worthlessness,0.32,0.7901701323251418
worthlessness,0.33,0.7893738140417458
worthlessness,0.34,0.7908745247148289
worthlessness,0.35,0.7934678194044188
worthlessness,0.36,0.7942028985507247
worthlessness,0.37,0.7957198443579766
worthlessness,0.38,0.8003913894324853
worthlessness,0.39,0.7996051332675223
worthlessness,0.4,0.7984111221449851
worthlessness,0.41,0.798804780876494
worthlessness,0.42,0.8
worthlessness,0.43,0.8
worthlessness,0.44,0.7971602434077079
worthlessness,0.45,0.8008171603677222
worthlessness,0.46,0.7962962962962963
worthlessness,0.47,0.7966976264189887
worthlessness,0.48,0.796277145811789
worthlessness,0.49,0.7929240374609782
worthlessness,0.5,0.7911857292759706
worthlessness,0.51,0.791578947368421
worthlessness,0.52,0.7940865892291447
worthlessness,0.53,0.7961783439490446
worthlessness,0.54,0.792332268370607
worthlessness,0.55,0.7888531618435155
worthlessness,0.56,0.7904967602591793
worthlessness,0.57,0.7856365614798694
worthlessness,0.58,0.787350054525627
worthlessness,0.59,0.789010989010989
worthlessness,0.6,0.7894156560088202
worthlessness,0.61,0.7880133185349611
worthlessness,0.62,0.7865921787709497
worthlessness,0.63,0.7887640449438202
worthlessness,0.64,0.7882882882882883
worthlessness,0.65,0.7863636363636364
worthlessness,0.66,0.7871853546910755
worthlessness,0.67,0.7844036697247706
worthlessness,0.68,0.7782909930715936
worthlessness,0.69,0.777262180974478
worthlessness,0.7,0.7747957992998833
worthlessness,0.71,0.7668639053254438
worthlessness,0.72,0.7637231503579952
worthlessness,0.73,0.7616766467065869
worthlessness,0.74,0.7566265060240964
worthlessness,0.75,0.7533414337788579
worthlessness,0.76,0.7503045066991474
worthlessness,0.77,0.7453874538745388
worthlessness,0.78,0.7425742574257426
worthlessness,0.79,0.735
worthlessness,0.8,0.7313997477931904
worthlessness,0.81,0.7284263959390863
worthlessness,0.82,0.7197943444730077
worthlessness,0.83,0.7083333333333334
worthlessness,0.84,0.7051114023591087
worthlessness,0.85,0.6993377483443709
worthlessness,0.86,0.6926174496644295
worthlessness,0.87,0.6766712141882674
worthlessness,0.88,0.667590027700831
worthlessness,0.89,0.6591865357643759
worthlessness,0.9,0.6410256410256411
