Threshold,Macro_F1,Micro_F1,Weighted_F1,Hamming_Loss,Subset_Accuracy
0.1,0.7375131957560206,0.7703038184182528,0.7877857805268528,0.2680739514348786,0.10044150110375276
0.11,0.7418004509108013,0.7755199617499402,0.791319122174147,0.2591059602649007,0.10816777041942605
0.12,0.7478614875842791,0.7817896389324961,0.7959914298988111,0.24931015452538632,0.12030905077262694
0.13,0.7534519980180727,0.7870810481413772,0.80006180072637,0.24103200883002207,0.12582781456953643
0.14,0.7581483070744053,0.7913545376396905,0.8034194657283014,0.23440949227373067,0.13796909492273732
0.15,0.7619886238070914,0.795693602276946,0.8065265698138999,0.2277869757174393,0.1467991169977925
0.16,0.766394431560258,0.7996009477490958,0.8095370920234041,0.22171633554083886,0.1545253863134658
0.17,0.7691077782391644,0.8021121448327886,0.8109395410583929,0.21716335540838852,0.15894039735099338
0.18,0.7724150792917865,0.805728044607781,0.8140227907253431,0.2115066225165563,0.17218543046357615
0.19,0.7733844548705299,0.8073979591836735,0.8148406018734047,0.20833333333333334,0.17328918322295805
0.2,0.7761125677584596,0.810262989095574,0.8170900325978103,0.20405629139072848,0.17770419426048564
0.21,0.7796130831234307,0.8136205339868438,0.8198950757148262,0.1993653421633554,0.18763796909492272
0.22,0.7818109356415719,0.8156120331950207,0.821370506189451,0.19619205298013245,0.19646799116997793
0.23,0.7812294770084081,0.8166405842462181,0.8219762693681402,0.19398454746136864,0.20860927152317882
0.24,0.7828194910733972,0.8182056663168941,0.8230517116887675,0.1912251655629139,0.2141280353200883
0.25,0.7862550835038531,0.8216030635151195,0.8256188420852291,0.1863962472406181,0.2229580573951435
0.26,0.7870424776695071,0.8228586581808539,0.8264354400141835,0.18432671081677704,0.2306843267108168
0.27,0.7890915508282398,0.8251133031191682,0.828275554685106,0.18101545253863136,0.23509933774834438
0.28,0.7890068058555916,0.825324588408513,0.8282831026563685,0.18004966887417218,0.23620309050772628
0.29,0.7918402188244645,0.8279295035651822,0.8301612270223094,0.17646247240618101,0.24503311258278146
0.3,0.7931033578619777,0.829367225527312,0.8312009334507525,0.17411699779249448,0.24613686534216336
0.31,0.7926089601959224,0.8295006123282079,0.8308162031433203,0.17287527593818985,0.24834437086092714
0.32,0.7933469713288022,0.8298017771701982,0.8307538375970468,0.17177152317880795,0.25386313465783666
0.33,0.7929943419648239,0.8302456429257582,0.8309315895956908,0.17066777041942605,0.25386313465783666
0.34,0.7939593611721695,0.8312189740761169,0.8316192929348575,0.16887417218543047,0.26048565121412803
0.35,0.7950458320071516,0.8314637861791996,0.831593021918964,0.1679083885209713,0.26379690949227375
0.36,0.795945489515093,0.832197970248853,0.8320405405025065,0.16652869757174393,0.2671081677704194
0.37,0.7950238417505153,0.8318213538032101,0.8314471896024418,0.16625275938189846,0.2671081677704194
0.38,0.7951233281131693,0.8324460633230597,0.8316959964251506,0.16501103752759383,0.2693156732891832
0.39,0.794614761097354,0.8321147356580427,0.8313332005354916,0.16473509933774835,0.271523178807947
0.4,0.7937372903907285,0.832180663373324,0.8310724154092426,0.16404525386313465,0.27593818984547464
0.41,0.7935995671787749,0.8321291967700808,0.8307689395424754,0.1634933774834437,0.27704194260485654
0.42,0.7942209605624109,0.8326460969714204,0.8312349563096584,0.16238962472406182,0.2814569536423841
0.43,0.7966978510918978,0.8345939774511203,0.83297413296893,0.15990618101545254,0.2847682119205298
0.44,0.7974857419002124,0.8358422939068101,0.8340165912027468,0.1579746136865342,0.2958057395143488
0.45,0.7989415403819979,0.8366935483870968,0.8347002587919536,0.1564569536423841,0.2969094922737307
0.46,0.7992528531449092,0.8374512353706112,0.8353575911357577,0.15521523178807947,0.30132450331125826
0.47,0.7977220816953445,0.8370338122188362,0.8346738830889877,0.154939293598234,0.3057395143487859
0.48,0.7955575894317307,0.8355646100116414,0.8330496401396468,0.15590507726269315,0.3068432671081678
0.49,0.7952399663587857,0.8353284671532847,0.8327139952550958,0.15562913907284767,0.31236203090507725
0.5,0.7955692923426403,0.8355842630651791,0.8326301757563324,0.1545253863134658,0.31456953642384106
0.51,0.7950730473574906,0.8352524357838795,0.832044921000502,0.15397350993377484,0.31677704194260486
0.52,0.7959158090065455,0.8362668244342553,0.8328807274924814,0.1527317880794702,0.3200883002207506
0.53,0.794221966532792,0.8351648351648352,0.8315108681919169,0.15314569536423842,0.32339955849889623
0.54,0.7931755589451059,0.8352958712177672,0.8313370000209142,0.1524558498896247,0.32229580573951433
0.55,0.792646474797053,0.8349049543481515,0.8308773593613038,0.15217991169977924,0.32671081677704195
0.56,0.7909772310530974,0.8340847610459874,0.8297859726810628,0.152317880794702,0.32450331125827814
0.57,0.7875130441794147,0.8316981132075472,0.8271066733977447,0.1538355408388521,0.32229580573951433
0.58,0.784536934588158,0.8304519259933273,0.8254569561966673,0.15424944812362032,0.32339955849889623
0.59,0.7827650372288434,0.8294987048605821,0.824364649105593,0.15438741721854304,0.32450331125827814
0.6,0.7813159695765677,0.8288729163480655,0.8233793705831459,0.15438741721854304,0.32560706401766004
0.61,0.7776154403431511,0.8273745588460948,0.8212295041262422,0.15521523178807947,0.3200883002207506
0.62,0.7771351119816918,0.8281707505008475,0.8216313453327218,0.1538355408388521,0.32450331125827814
0.63,0.7741277031204506,0.8276075518415351,0.8204343127641106,0.15369757174392937,0.3211920529801324
0.64,0.7709824052593272,0.826181592039801,0.8183791658678731,0.15424944812362032,0.31567328918322296
0.65,0.7685624315521379,0.825862876776511,0.8173995353618572,0.1538355408388521,0.31677704194260486
0.66,0.765576290613545,0.8238065326633166,0.8150434397654764,0.15480132450331127,0.31346578366445915
0.67,0.7639842506632493,0.8221941992433796,0.8133799152671647,0.15562913907284767,0.3079470198675497
0.68,0.760787348366414,0.8220567263508161,0.8123938645241952,0.154939293598234,0.3057395143487859
0.69,0.758503484834164,0.8208147676639084,0.8105531448982191,0.1553532008830022,0.30353200883002207
0.7,0.7557116368944807,0.818849840255591,0.8082817950414344,0.1564569536423841,0.2980132450331126
0.71,0.7519812508670602,0.8164902149502727,0.8055249758643709,0.15783664459161148,0.2924944812362031
0.72,0.748334767442803,0.8144329896907216,0.8030314174058127,0.15894039735099338,0.2947019867549669
0.73,0.7445867243523092,0.8128948647335169,0.8009587375035555,0.15935430463576158,0.2969094922737307
0.74,0.7412817471990173,0.810159557147509,0.7981184003804375,0.1608719646799117,0.2913907284768212
0.75,0.7389560916757443,0.8075348075348076,0.7956068735321387,0.16211368653421634,0.2891832229580574
0.76,0.738537634199273,0.8064569263712733,0.7945664927720615,0.16211368653421634,0.2913907284768212
0.77,0.7341518126376009,0.8035093527561662,0.7913614232630504,0.16376931567328917,0.28807947019867547
0.78,0.7266198274491384,0.7996669442131557,0.7865426936571199,0.16597682119205298,0.2836644591611479
0.79,0.722957082821369,0.7967125125796712,0.7833977245362544,0.1672185430463576,0.2814569536423841
0.8,0.7177946072062963,0.7922297297297297,0.7787402030711594,0.1697019867549669,0.2737306843267108
0.81,0.7100720971673952,0.7870023817625043,0.7727974875799994,0.1727373068432671,0.2671081677704194
0.82,0.7054297459612523,0.783427495291902,0.7688771275020667,0.17453090507726268,0.25938189845474613
0.83,0.6984260016065107,0.7767225004317043,0.7620027835030206,0.17839403973509935,0.24944812362030905
0.84,0.6899677348495901,0.7685072287058003,0.7538028231834709,0.1833609271523179,0.23289183222958057
0.85,0.6815730456518292,0.7613197613197613,0.7463746565090351,0.18763796909492272,0.2196467991169978
0.86,0.6754908266518261,0.7552645549460273,0.7404699646209925,0.19081125827814568,0.2141280353200883
0.87,0.6659493946950068,0.7462900053638477,0.7312392531447801,0.19577814569536423,0.20860927152317882
0.88,0.6540473469682073,0.7351821642196846,0.7199131562691516,0.2015728476821192,0.19094922737306844
0.89,0.6442152574547473,0.7269399707174231,0.7113643174429383,0.20584988962472406,0.18101545253863136
0.9,0.6294529205135467,0.713091922005571,0.6973686804090711,0.21316225165562913,0.16666666666666666
