Model,Strategy,Macro_F1,Micro_F1,Weighted_F1,Hamming_Loss,Subset_Accuracy
BERT,Fixed_0.50,0.7689884147927712,0.8221757322175732,0.8159003937060976,0.1641832229580574,0.2560706401766004
BERT,Global_Optimized,0.7792979250540697,0.8235294117647058,0.8210775094527013,0.17094370860927152,0.25055187637969095
BERT,Per_Label_Optimized,0.7840885021681431,0.8215200683176772,0.825313931549491,0.17301324503311258,0.24503311258278146
RoBERTa,Fixed_0.50,0.7955692923426403,0.8355842630651791,0.8326301757563324,0.1545253863134658,0.31456953642384106
RoBERTa,Global_Optimized,0.7992528531449092,0.8374512353706112,0.8353575911357577,0.15521523178807947,0.30132450331125826
RoBERTa,Per_Label_Optimized,0.8015061376024726,0.8382923673997412,0.8372711912559437,0.15521523178807947,0.3068432671081678
MentalBERT,Fixed_0.50,0.7855919217843321,0.826067415730337,0.8221107968295386,0.160182119205298,0.2836644591611479
MentalBERT,Global_Optimized,0.7879100371390442,0.8258837277242185,0.8230688871910895,0.16445916114790288,0.2682119205298013
MentalBERT,Per_Label_Optimized,0.7936427116136544,0.8323249783923942,0.8290801699141,0.1605960264900662,0.282560706401766
ClinicalBERT,Fixed_0.50,0.7408034564269352,0.7977596124735089,0.7889580147266196,0.18432671081677704,0.2141280353200883
ClinicalBERT,Global_Optimized,0.7609462590853633,0.8036542515811665,0.8009756660737626,0.19274282560706402,0.19646799116997793
ClinicalBERT,Per_Label_Optimized,0.7686465210703577,0.8071710897797855,0.8079246278356899,0.18846578366445915,0.2052980132450331
