model,seed,authors,posts,coefficient_spearman,coefficient_pearson,top100_jaccard,top500_jaccard,top1000_jaccard,reference_top500_sign_agreement,fit_seconds
Linear SVM,11,220260,424132,0.9296842623891054,0.972344292070762,0.8867924528301887,0.7921146953405018,0.7605633802816901,1.0,6.75957179069519
Logistic Regression,11,220260,424132,0.9402197052013251,0.9712626338005066,0.8348623853211009,0.7921146953405018,0.7528483786152498,1.0,13.338026762008667
Linear SVM,22,220260,424146,0.9277688600418139,0.9722620152186034,0.9047619047619048,0.7667844522968198,0.7809439002671416,1.0,6.49177098274231
Logistic Regression,22,220260,424146,0.9411652837630456,0.9716359376907349,0.8018018018018018,0.8181818181818182,0.7559262510974539,1.0,14.181867599487305
Linear SVM,33,220260,424367,0.9270811992195936,0.9717477589118823,0.8348623853211009,0.7825311942959001,0.7543859649122807,1.0,9.902384996414185
Logistic Regression,33,220260,424367,0.9396710406877014,0.9707326889038086,0.8181818181818182,0.7761989342806395,0.7543859649122807,1.0,22.938125371932983
Linear SVM,44,220260,423848,0.9273550506892787,0.9716865338323613,0.8691588785046729,0.7825311942959001,0.7452006980802792,1.0,6.417666912078857
Logistic Regression,44,220260,423848,0.9380515586291468,0.9703271389007568,0.8018018018018018,0.7857142857142857,0.7559262510974539,1.0,14.182984590530396
Linear SVM,55,220260,423663,0.9259600516952892,0.9714667498479412,0.8518518518518519,0.8018018018018018,0.7683465959328029,1.0,5.928511381149292
Logistic Regression,55,220260,423663,0.93719879529091,0.9701067209243774,0.8691588785046729,0.8018018018018018,0.7452006980802792,1.0,13.813174724578857
