record_id,true_class,svm_prediction,svm_score,svm_margin_from_threshold,error_type,lr_prediction,models_agree,direct_term_present,extended_cue_present,year,word_count,text_excerpt
689000,Depression,0,-9.648725442308342,10.145824417909118,Depression -> Loneliness,0,True,True,True,2022,2,Lonely rambles
646604,Depression,0,-6.6899839936633105,7.187082969264086,Depression -> Loneliness,0,True,True,True,2022,2,Getting lonely
152855,Depression,0,-5.554729409182471,6.051828384783247,Depression -> Loneliness,0,True,True,True,2019,6,Talk to me I’m lonely
158983,Depression,0,-5.378942027938973,5.876041003539749,Depression -> Loneliness,0,True,True,True,2019,6,I’m lonely but not lonely
643042,Depression,0,-4.57803113858674,5.075130114187515,Depression -> Loneliness,0,True,True,True,2022,16,the loneliness is closing is I crave human connection so much man I'm so fking lonely
682677,Depression,0,-4.4976657125780735,4.994764688178849,Depression -> Loneliness,0,True,True,True,2022,3,I feel lonely!!!!
116509,Depression,0,-4.409001256746219,4.906100232346994,Depression -> Loneliness,0,True,True,True,2019,5,I’m way to lonely
243755,Depression,0,-4.21375433724048,4.710853312841255,Depression -> Loneliness,0,True,True,True,2020,4,I’m so lonely....
681577,Depression,0,-4.121498308260789,4.618597283861565,Depression -> Loneliness,0,True,True,True,2022,2,genuine loneliness
591735,Depression,0,-4.1130645979968286,4.610163573597604,Depression -> Loneliness,0,True,True,True,2021,2,Feeling lonely?
482530,Depression,0,-4.0649814836719855,4.562080459272761,Depression -> Loneliness,0,True,True,True,2021,7,lonely .. I wish I had a friend! ...
673675,Depression,0,-4.033897972023315,4.53099694762409,Depression -> Loneliness,0,True,True,True,2022,3,Hi! Feeling lonely
610400,Depression,0,-3.963838467570503,4.460937443171279,Depression -> Loneliness,0,True,True,True,2021,66,Friendship/loneliness Hey I’m 26 year old gay guy from Ireland who’s got no friends so I’ve come to here in hopes of making a new friend/s or just to chat to new people so if you’d like to make a new friend or chat please comment below message directly it would be very much appreciated as you’d elev
14513,Depression,0,-3.8852662846787522,4.382365260279528,Depression -> Loneliness,0,True,True,True,2019,5,Lonely Anyone want to talk?
74838,Depression,0,-3.8402942851142337,4.337393260715009,Depression -> Loneliness,0,True,True,True,2019,5,Overcoming Adversities and Loneliness Alone
445634,Depression,0,-3.638030622996678,4.135129598597453,Depression -> Loneliness,0,True,True,True,2021,2,Loneliness Video
648865,Depression,0,-3.6101158546147865,4.107214830215562,Depression -> Loneliness,0,True,True,True,2022,7,"im lonely, does anyone want to DM."
67173,Depression,0,-3.580957650079955,4.0780566256807305,Depression -> Loneliness,0,True,True,True,2019,2,Loneliness rant
678261,Depression,0,-3.580866257832456,4.077965233433232,Depression -> Loneliness,0,True,True,True,2022,4,I'm so lonely man.
210855,Depression,0,-3.5626616050922717,4.059760580693047,Depression -> Loneliness,0,True,True,True,2020,6,"Hey, anyone else feeling unusually lonely?"
375849,Depression,0,-3.400999832716625,3.8980988083174006,Depression -> Loneliness,0,True,True,True,2020,13,Felt lonely so i made a discord with some ppl to make friends
371249,Depression,0,-3.186077079745333,3.6831760553461086,Depression -> Loneliness,0,True,True,True,2020,5,Scared to be lonely Title
46241,Depression,0,-3.1378058384921976,3.634904814092973,Depression -> Loneliness,0,True,False,True,2019,2,I'm alone.
20255,Depression,0,-3.119812804304253,3.6169117799050285,Depression -> Loneliness,0,True,True,True,2019,8,Anyone I can chat with? I feel lonely.
675177,Depression,0,-3.0929661196555633,3.590065095256339,Depression -> Loneliness,0,True,True,True,2022,26,The only thing worse than being lonely is not being lonely Human interactions are the worst for a passionate and romantic person. People feel so soulless.
28876,Depression,0,-3.0779221871421703,3.575021162742946,Depression -> Loneliness,0,True,True,True,2019,16,I'm lonely 😔😢 it sucks having one one to talk to cause I'm lonely and it sucks.
94300,Depression,0,-3.040766787795244,3.5378657633960193,Depression -> Loneliness,0,True,True,True,2019,92,"How to deal with loneliness? Hey everyone 21m here going threw extreme loneliness... - My family are heartless to me, - My few in person friends left me or moved &amp; rarely ever text me - Most of my online friends stop talking to me or just constantly ignore me I feel so fucking lonely 😭 Do you th"
398220,Depression,0,-3.036586359787326,3.5336853353881015,Depression -> Loneliness,0,True,True,True,2020,30,"Feeling lonely during these times. If you feel lonely too, let’s talk. (Or at least know that you can be lonely with me even through the screen). Holidays everyone!"
44437,Depression,0,-3.030962177584474,3.5280611531852495,Depression -> Loneliness,0,True,True,True,2019,4,I feel so lonely.
676065,Depression,0,-3.0108503296738665,3.507949305274642,Depression -> Loneliness,0,True,True,True,2022,13,why am i lonely? I do have frends but I feel so lonely 🙁
653116,Depression,0,-3.006562512132077,3.5036614877328525,Depression -> Loneliness,0,True,True,True,2022,3,19m. Lonely virgin.
208210,Depression,0,-2.9480893466920453,3.445188322292821,Depression -> Loneliness,0,True,False,True,2020,2,Just Alone
333617,Depression,0,-2.8717945078331706,3.368893483433946,Depression -> Loneliness,0,True,True,True,2020,17,Crippling loneliness I feel so lonely. So lonely in this big vast world. I feel so insignificant.
23871,Depression,0,-2.871393095507575,3.3684920711083506,Depression -> Loneliness,0,True,True,True,2019,40,Loneliness I feel lonely almost everyday but at the same time struggling to make friends. This makes me feel so useless that I can’t make friends and deal with this feeling of loneliness. How do you guys combat loneliness?
619819,Depression,0,-2.8018543144800843,3.29895329008086,Depression -> Loneliness,0,True,True,True,2022,13,"Lonely im 20 and im a girl currently in toronto, looking for some friendss!!!!"
390760,Depression,0,-2.780351340841067,3.2774503164418425,Depression -> Loneliness,0,True,True,True,2020,32,Someone to talk to Can I have someone to talk to. Someone that actually talks to me I'm just so lonely I would like to talk on snapchat or discord. Pm me
398339,Depression,0,-2.76696625955467,3.2640652351554453,Depression -> Loneliness,0,True,True,True,2020,4,Nightmare of lonely Christmas
304090,Depression,0,-2.7164705731187766,3.213569548719552,Depression -> Loneliness,0,True,True,True,2020,25,Lonely. 25/m. I just need someone to talk to and I’ve had nobody to share things with recently because of how lonely I am.
635108,Depression,0,-2.6828072272360286,3.179906202836804,Depression -> Loneliness,0,True,True,True,2022,17,Anyone feel this nagging internal sense of loneliness/isolation when you’re not actually lonely or isolated?
90580,Depression,0,-2.6736554850685397,3.170754460669315,Depression -> Loneliness,0,True,True,True,2019,6,Just super lonely tonight. Anyone else?
644095,Depression,0,-2.6708079928866955,3.167906968487471,Depression -> Loneliness,0,True,True,True,2022,20,lonely. so painfully lonely. i want friends. i want love. i want to love myself. talking to people is hell.
153554,Depression,0,-2.649664918549555,3.1467638941503306,Depression -> Loneliness,0,True,True,True,2019,52,"lonely fish im lonely/feel empty because i dont have friends in real life, when i talk to people here they say they will be friends but they lie and dont put interest. i have no one im so lonely, i have no one to spend time with or talk for hours."
656258,Depression,0,-2.621980715519245,3.1190796911200205,Depression -> Loneliness,0,True,True,True,2022,22,"I’m feeling pretty lonely right now… I’d love to have someone to talk to, im just feeling a little isolated."
559021,Depression,0,-2.6167878322901656,3.113886807890941,Depression -> Loneliness,0,True,True,True,2021,15,Hey Struggling with severe loneliness looking to make friends and someone to regularly talk to
408447,Depression,0,-2.5654911644718004,3.062590140072576,Depression -> Loneliness,0,True,True,True,2021,9,Anyone have a ps4 and a mic? Very lonely
690236,Depression,0,-2.5216218910168737,3.0187208666176493,Depression -> Loneliness,0,True,True,True,2022,4,loneliness is destroying me
581986,Depression,0,-2.518447818557231,3.0155467941580065,Depression -> Loneliness,0,True,False,True,2021,2,Being alone
619514,Depression,0,-2.514693244769727,3.0117922203705025,Depression -> Loneliness,0,True,True,True,2022,125,I’m so lonely it’s embarrassing and crippling I find myself wanting to talk to any person that looks at me. I’m so lonely I feel like I haven’t had a real conversation with someone in years. I’m not allowed to socialize. And it doesn’t help that my loneliness doesn’t alleviate if I talk with someone
42062,Depression,0,-2.4905406651051054,2.987639640705881,Depression -> Loneliness,0,True,True,True,2019,43,I'm so lonely. Hi everyone! I am always alone and nobody wants to talk to me. I have no friends and would like to meet new people. I'm from New Zealand. I like playing games I have a xbox one and a pc
328962,Depression,0,-2.4762440324119845,2.97334300801276,Depression -> Loneliness,0,True,True,True,2020,11,I got two texts on my birthday. I’m that lonely.
677054,Depression,0,-2.463349212484849,2.9604481880856244,Depression -> Loneliness,0,True,True,True,2022,4,"Just lonely, realizing things"
652312,Depression,0,-2.450899828379621,2.9479988039803966,Depression -> Loneliness,0,True,True,True,2022,42,Im still lonely I got a job but im still lonely I went to play multiplayer games but im still lonely I registered on dating sites but im still lonely I started on gym but im still lonely i always be lonely
182072,Depression,0,-2.444237123191673,2.9413360987924486,Depression -> Loneliness,0,True,True,True,2019,4,Anyone else feel lonely?
239230,Depression,0,-2.434118612359492,2.9312175879602673,Depression -> Loneliness,0,True,True,True,2020,49,"The coronavirus is scaring me and is making me feel even more lonely We are told not to leave our homes and if we do there’s a curfew like I’m literally do isolated and lonely, I wish everyone the best &lt;3 cuz I’m dying from loneliness :("
1366,Depression,0,-2.4234641674902706,2.920563143091046,Depression -> Loneliness,0,True,False,False,2019,23,Need e friends I am 25 and need people to talk to message me for the discord and let's chat please I need it
446182,Depression,0,-2.382857756191417,2.8799567317921926,Depression -> Loneliness,0,True,True,True,2021,46,lonely ? i say im lonely and jst want a friend but making friends especially as a young adult (20) is so hard and awkward as a kid i didnt fit in and didnt get a chance to make friends growing up bc my mind was so preoccupied
618500,Depression,0,-2.3823200636605013,2.879419039261277,Depression -> Loneliness,0,True,True,True,2022,20,Loneliness I feel so alone is there anyone who wants to be friends with me?just someone to talk to
313930,Depression,0,-2.369468911540345,2.8665678871411204,Depression -> Loneliness,0,True,True,True,2020,94,"I feel Lonely... Despite having many 'connections' so as to speak, I have failed to make connections that are significant to me for the last 3 years of college. I miss my older friends and wish I could have grown up with them instead. Loneliness is something I've been going through, but I believe th"
132957,Depression,0,-2.3643618503889234,2.861460825989699,Depression -> Loneliness,0,True,True,True,2019,26,Is anyone out there? Alone and planning to die soon. Just looking for some company. Share stories or funny stuff i’ve been lonely a while
549828,Depression,0,-2.3407057937858355,2.837804769386611,Depression -> Loneliness,0,True,True,True,2021,6,Its just getting a little lonely
552744,Depression,0,-2.3384471451305946,2.83554612073137,Depression -> Loneliness,0,True,True,True,2021,8,When am I ever gonna stop being lonely.
254336,Depression,0,-2.318176175893698,2.8152751514944736,Depression -> Loneliness,0,True,True,True,2020,8,"Suffering from loneliness, who wants to be friends?"
417278,Depression,0,-2.3109859890591062,2.8080849646598818,Depression -> Loneliness,0,True,True,True,2021,7,Today's my 35th Birthday &amp; I'm lonely.
334979,Depression,0,-2.297071635060844,2.7941706106616198,Depression -> Loneliness,0,True,True,True,2020,4,I suffer from loneliness
584807,Depression,0,-2.294882772640983,2.7919817482417586,Depression -> Loneliness,0,True,True,True,2021,8,I'm A Lonely For Awhile. Doesn't Worth It
409685,Depression,0,-2.281657399329061,2.7787563749298365,Depression -> Loneliness,0,True,False,False,2021,20,I have no one to talk with... Does anyone wants to chat here? I just want to chat with someone...
403975,Depression,0,-2.280067539939818,2.7771665155405936,Depression -> Loneliness,0,True,True,True,2020,17,NYE reminds me of how lonely I am. Let unsupportive friends go and now I am alone
310951,Depression,0,-2.2763801635114125,2.773479139112188,Depression -> Loneliness,0,True,True,True,2020,178,Loneliness after high school Last time I spent time with someone was junior year of high school. I am now a sophomore in community college. Middle school through high school I had the same on and off toxic friend group. They were toxic but we all related and laughed at the same shit. I ended up bloc
75581,Depression,0,-2.2687369343732824,2.765835909974058,Depression -> Loneliness,0,True,True,True,2019,24,Loneliness The loneliness is crushing. I don’t even have a single friend and any time I do I end up fucking it up
467706,Depression,0,-2.2674932996817527,2.7645922752825283,Depression -> Loneliness,0,True,True,True,2021,70,"I dream about having friends So I accepted my loneliness. Seems like I've succeeding in many things, but making friends isn't one of them. I felt desperate making new friends, it's so much work once you reach certain age. But the saddest part is deep inside me I want to be social. I often daydream a"
651585,Depression,0,-2.266265343548052,2.7633643191488275,Depression -> Loneliness,0,True,True,True,2022,12,I hate being lonely but I’m scared of having friends again.
555167,Depression,0,-2.2585321997268677,2.7556311753276432,Depression -> Loneliness,0,True,True,True,2021,144,"Need some social advice Hi everyone! I (m18) have only very few friends, but I can’t have an actual connection with the ones I have, so it feels like i’m lonely in this. I’m a hella introverted guy and super shy, so it’s very difficult for me to find new friends, also being bi makes it even more dif"
8278,Depression,0,-2.2521960780117674,2.749295053612543,Depression -> Loneliness,0,True,True,True,2019,116,"Lonely, almost no friends, always ignored. Its been like this for so long but it's just starting to get to me now. Maybe because I'm no longer in school? I hit people up but they never reply back. I try meeting new people but they just leave me on read.. I don't know what to do. I'm honestly tired o"
695154,Depression,0,-2.250582457847107,2.7476814334478825,Depression -> Loneliness,0,True,False,False,2022,91,"I'm a loner from UK Hi, I'm 30 Brit Indian female from UK self diagnosed Autistic waiting for an assessment. No friends, anxious most of the time. I've started trying to embrace being by myself, going to the cinema or park by myself, reading a book or drawings... But it would be nice to have someone"
383438,Depression,0,-2.235478741792507,2.7325777173932826,Depression -> Loneliness,0,True,True,True,2020,10,The moment you’re alone the wave of loneliness hits
346865,Depression,0,-2.2209728093876318,2.7180717849884073,Depression -> Loneliness,0,True,True,True,2020,6,I’m pretty awkward and lonely
236347,Depression,0,-2.2144798630611398,2.7115788386619153,Depression -> Loneliness,0,True,True,True,2020,14,Hi if your reading this you should message me bc I’m very lonely
520177,Loneliness,1,3.20189838101141,2.7047994054106343,Loneliness -> Depression,1,True,False,True,2021,2,CW: suicide
598970,Depression,0,-2.2060898485243463,2.703188824125122,Depression -> Loneliness,0,True,True,True,2021,69,"I feel lonely asf Like this loneliness kinda makes my depression worse. I try my best to have friends,but I don’t get to have real ones. Only school buddies, I want to be part of something, a friend group or something. My sis got mad at me and blamed me for my loneliness,saying I suck as a person. W"
223727,Depression,0,-2.1986659543200955,2.695764929920871,Depression -> Loneliness,0,True,True,True,2020,15,I’m so lonely I wish a woman would go on a date with me
754445,Depression,0,-2.194094721929966,2.6911936975307413,Depression -> Loneliness,0,True,False,False,2022,10,DM me if you guys need to chat with someone
6490,Depression,0,-2.18890242342177,2.6860013990225458,Depression -> Loneliness,0,True,True,True,2019,6,"Lonely, but it's my own fault."
647768,Depression,0,-2.1879710429995356,2.685070018600311,Depression -> Loneliness,0,True,True,True,2022,16,19M anyone want to be my friend? im lonely and would really appreciate a friend rn.
431009,Depression,0,-2.1836978667764617,2.6807968423772373,Depression -> Loneliness,0,True,True,True,2021,8,Valentines coming up and just lonely for 18 years
266879,Depression,0,-2.1795442086952788,2.6766431842960543,Depression -> Loneliness,0,True,True,True,2020,78,"I wish we could all just give each other a hug Sometimes a genuine hug warm long hug would really help, especially times when you feel so alone and doomed. I wish I could hug you all. Theoretically of course since it’s hard to imagine hugging anyone during a pandemic. But you’re all a bunch of amazi"
26797,Depression,0,-2.178827401216774,2.6759263768175496,Depression -> Loneliness,0,True,True,True,2019,72,"So much pain. I have a headache all the time, that alone is a burden. I'm so tired, I'm too tired to make an effort of holding a conversation. I do have a couple of friends but I only get to see them once every other week, I feel so lonely, loneliness is probably the worst one. Humans have a need fo"
313239,Depression,0,-2.176429688478998,2.6735286640797735,Depression -> Loneliness,0,True,True,True,2020,15,Lonely I just wish I had someone to hold in my hands and talk to 😔😔
731821,Depression,0,-2.1762796013638246,2.6733785769646,Depression -> Loneliness,0,True,True,True,2022,304,Loneliness and Depression I have been lonely person for almost my entire life. I was the most weird kid and most bullied kid in school cause of which I was afraid to make friends. I really didn't know what friendship even mean. Coz of this I often used to feel life to be boring and depressed. I had 
300724,Depression,0,-2.171716148669862,2.6688151242706377,Depression -> Loneliness,0,True,True,True,2020,103,"i'm lonely but i can't stand anyone i've always felt it, even when i was a kid surrounded by loving people. this loneliness. it's physical, under the ribs, pang. So i make friends and whoever they are they annoy me and i dont care for their company. i make mistakes, soon these friends dont care for "
681579,Depression,0,-2.1683379582416595,2.665436933842435,Depression -> Loneliness,0,True,True,True,2022,77,"i'm tired bullied at school, hit, slapped, kicked and humilated, genuine loneliness, a whole day passes without a single DM from anyone. hugging my pillow when i need a hug and spraying it with parfume to feel like hugging someone and crying with them, crying and talking with myself while playing gu"
511571,Depression,0,-2.1665994724658075,2.663698448066583,Depression -> Loneliness,0,True,True,True,2021,6,Hello Just felling sad and lonely
606967,Depression,0,-2.1646363722164237,2.6617353478171992,Depression -> Loneliness,0,True,True,True,2021,59,"When does the loneliness get better? Just finished the fall semester of my college year and am feeling very lonely. I did all the ""right"" things to meet people. I chat before class, I joined clubs, I rushed a professional frat, I got a job, downloaded the dating apps. Still no friends. I just feel e"
538704,Depression,0,-2.1600445558000385,2.657143531400814,Depression -> Loneliness,0,True,True,True,2021,4,Work from home loneliness
112573,Depression,0,-2.1573272562041246,2.6544262318049,Depression -> Loneliness,0,True,True,True,2019,5,How to feel less lonely ?
622917,Depression,0,-2.1535086325807296,2.650607608181505,Depression -> Loneliness,0,True,True,True,2022,159,"i wish i had friends ive been trying really hard to insert myself into communities, esp on discord, hoping that something will happen and ill make friends. its so hard, ive been alone for so long that this is just hard and frustrating. im off work and school right now because of a cancer diagnosis, "
660841,Depression,0,-2.121054218978512,2.6181531945792877,Depression -> Loneliness,0,True,True,True,2022,113,"I have no friends and I’m lonely I’ve never had a single friend in my entire life, not really. I’ve tried so hard but in the end it never works and it’s my fault… I’m very awkward, I have no idea how to keep conversations going, I’m boring and uninteresting and just unlikeable. On top of that I’m al"
677633,Depression,0,-2.1163345851564888,2.6134335607572643,Depression -> Loneliness,0,True,True,True,2022,9,Beeing lonely is just a different type of pain
377396,Depression,0,-2.110102900347817,2.6072018759485927,Depression -> Loneliness,0,True,True,True,2020,315,I 23F have no one to talk to wishing I could find someone I 23 F just feel so depressed lonely . I have “friends” but we don’t really talk unless I text first . I’ve been talking to guys but none of them want a relationship or all of them want to meet in person right away like no thanks . And I say 
115993,Depression,0,-2.1075257026374796,2.604624678238255,Depression -> Loneliness,0,True,True,True,2019,25,The worst thing about loneliness Is you never know if you befriend some one because you want a friend or because you're just too lonely
22127,Depression,0,-2.1049917822092836,2.602090757810059,Depression -> Loneliness,0,True,True,True,2019,5,tips for appearing less lonely
436715,Depression,0,-2.089559707424222,2.5866586830249974,Depression -> Loneliness,0,True,True,True,2021,30,"Feel lonely I always feel lonely. I am 29 years old and i havent a serious relationship till today, the men only uses me for sex and then they rejected me ."
14596,Depression,0,-2.084121616338628,2.5812205919394033,Depression -> Loneliness,0,True,True,True,2019,10,Anyone want to talk? Bad day and feeling lonely tbh
394083,Depression,0,-2.08119577764461,2.5782947532453857,Depression -> Loneliness,0,True,False,False,2020,32,"Trying make friends, specifically in the UK I'm a 26 Female looking to make friends. Got a nice corporate job with a great future ahad . But I need peoples warmth aha. Dm me"
198005,Depression,0,-2.0797222506825404,2.576821226283316,Depression -> Loneliness,0,True,True,True,2020,16,Why do I obsessively reread text conversations? Am I that lonely? Does anyone else do this?
321177,Depression,0,-2.073463046602948,2.5705620222037235,Depression -> Loneliness,0,True,False,True,2020,5,Being alone sucks my dudes
140090,Depression,0,-2.0680040901982144,2.56510306579899,Depression -> Loneliness,0,True,True,True,2019,138,"Does anyone else feel they become more introverted when you lose people in your life? I use to be very social very out there, I was always considered the outgoing and approachable guy. Now I just feel like I’m always lonely, like I never really belong anywhere no matter how many friends I think I ha"
115331,Depression,0,-2.0637619067303565,2.560860882331132,Depression -> Loneliness,0,True,True,True,2019,25,"I just want someone to talk to New here 🤷🏻‍♂️. Lonely, sad, just want somebody to talk to, could be about spongebob, could be about philosophy."
149409,Depression,0,-2.0606901854697166,2.557789161070492,Depression -> Loneliness,0,True,True,True,2019,65,Making new friends is impossible. You need all of the following: 1-active social media 2-common friends 3-common interests 4-new people should also be somewhat in need of new friends. 5-certan qualifies that make you approachable. And you get all of these by actually having friends so how am I suppo
708848,Loneliness,1,3.048986527434768,2.5518875518339925,Loneliness -> Depression,1,True,True,True,2022,145,"I NEED HELP Hello, I need someone who can help me financially. I've been struggling with depression for almost a year now and I just want to come back to my psychiatrist to seek some professional help cause the meds that I've been taking isn't working anymore and I'm really having a hard time sleepi"
490281,Depression,0,-2.054701690513876,2.5518006661146515,Depression -> Loneliness,0,True,True,True,2021,102,Lonely and depressed in NYC I’ve been in New York for about 2 years now and I feel super lonely here. I don’t get it. I managed to make a couple of friends here but I’ve always felt a sense of loneliness here. I’ve never managed to make a group of friends here and just seeing other people in groups/
89204,Depression,0,-2.0546686613400444,2.55176763694082,Depression -> Loneliness,0,True,True,True,2019,5,How to deal with loneliness?
395440,Depression,0,-2.0524334474490367,2.549532423049812,Depression -> Loneliness,0,True,True,True,2020,5,Another year.. another lonely Christmas
418064,Loneliness,1,3.0392916938910295,2.542192718290254,Loneliness -> Depression,1,True,True,True,2021,9,[M17]I’m wasting my life because of depression
677222,Depression,0,-2.0397982811530704,2.536897256753846,Depression -> Loneliness,0,True,True,True,2022,44,"Lonely I use to love being alone and at times I do I really do , but then there is times I wish I had people I could go outside with and hangout with , being lonely kills the joy and fun and excitement of living ."
30843,Depression,0,-2.0256616027873493,2.522760578388125,Depression -> Loneliness,0,True,True,True,2019,10,"I have so many friends, but I'm still SO lonely"
643934,Depression,0,-2.021803299379309,2.5189022749800847,Depression -> Loneliness,0,True,True,True,2022,141,"Being born worse... So I was born with autism. I didn't really cared about it for long time. But now Im 19 finished school, started work etc and Im lonely... I know maybe two people in real life that I see twice a year. After all why would anyone want to be my friend if they can choose easier path w"
181600,Depression,0,-2.009063981544142,2.5061629571449173,Depression -> Loneliness,0,True,True,True,2019,11,"Can anybody talk Please I feel so lonely, so alone please"
469038,Depression,0,-1.999087916211526,2.4961868918123016,Depression -> Loneliness,0,True,True,True,2021,11,"Feeling weird again Feeling like I’m missing something, painfully lonely."
327475,Depression,0,-1.9974039325268431,2.4945029081276187,Depression -> Loneliness,0,True,True,True,2020,25,"Being alone is awfully lonely sometimes Things are going well, but I’m not feeling well. I am essentially alone and it was my choice."
447815,Depression,0,-1.991271947949246,2.4883709235500215,Depression -> Loneliness,0,True,True,True,2021,52,So damn lonely I am really struggling with loneliness. Just broke up with my partner and moved country. All of my online gaming friends keep ditching me. I am completely alone no matter how hard I try. I've tried to join new communities and I just don't connect with anyone at all
130788,Depression,0,-1.9908142892585623,2.487913264859338,Depression -> Loneliness,0,True,True,True,2019,26,I am a guy feeling lonely but won't talk to real life friends. AMA! Literally ask me anything. I just want to talk without being judged.
19510,Depression,0,-1.9905744380930805,2.487673413693856,Depression -> Loneliness,0,True,True,True,2019,14,"Valentines day Just another reminder of my loneliness, and uselessness. what a great ""holiday"""
561432,Depression,0,-1.9888697429019557,2.4859687185027313,Depression -> Loneliness,0,True,True,True,2021,65,"Loneliness Friends don't instigate conversations with me, it's always me starting conversations with them. I know I'm boring, but I am positive and enthusiastic about their interests and hobbies. I try so hard to be better, giving up smoking, going to the gym. It all feels like it's for nothing. I j"
509208,Loneliness,1,2.9816668234852317,2.484567847884456,Loneliness -> Depression,1,True,True,True,2021,115,My depression is winning. I thought i had the strength to not succumb to my thoughts but at this point the only thing i have left are my thoughts. I'm homeless. My parents told me to my face that i am a shitty child. I don't know what to do anymore. I'm tired. I'm so fucking tired. I don't want to d
635379,Depression,0,-1.9818811010488262,2.4789800766496017,Depression -> Loneliness,0,True,False,True,2022,96,wish I had somebody idk it feels stupid to post but I'm a girl almost 20 and I've always been pretty ok with being by myself but recently I've been craving human connection ya know I love stargazing and I often make up scenarios in my head of having someone to share them with or just silly little th
361235,Depression,0,-1.976283445471807,2.4733824210725825,Depression -> Loneliness,0,True,True,True,2020,17,I never felt that lonely Feeling so bad rn can't even ease or share it with someone
404083,Depression,0,-1.9756175396789133,2.472716515279689,Depression -> Loneliness,0,True,True,True,2021,4,"Lonely, suicidal New Year"
32019,Depression,0,-1.9690797731534357,2.4661787487542113,Depression -> Loneliness,0,True,True,True,2019,52,"i just want a friend i feel so lonely and empty. i just want a friend, someone to talk to and share similar interests. i’m too shy to meet people on my own and end up just watching the world move while i’m still stuck in the same place alone"
320872,Depression,0,-1.9647282366161898,2.4618272122169653,Depression -> Loneliness,0,True,True,True,2020,29,"I’m so lonely I really wish I could have more friends in my life. Maybe I’m a bad friend, and nobody wants to hang out with me."
202482,Depression,0,-1.9635670923212132,2.4606660679219887,Depression -> Loneliness,0,True,False,False,2020,56,"Just wanna talk Hi I am in desperate need of conversation. I haven’t talked to anyone for over a week and have no friends at this point. I like league of legends, naruto and other anime, oh and I spend a lot of time on tiktok. So if anyone’s down that’d be cool."
186005,Depression,0,-1.960754476011482,2.4578534516122574,Depression -> Loneliness,0,True,False,False,2020,13,Anybody looking to have a chat . I’m here to help. Dm me.
646938,Depression,0,-1.9568439334004983,2.453942909001274,Depression -> Loneliness,0,True,False,False,2022,4,Can I DM someone?
293142,Depression,0,-1.9551411551092133,2.452240130709989,Depression -> Loneliness,0,True,True,True,2020,19,"Im very lonely Anyone free to chat, i just went through some bad shit, i just need a friend"
556110,Depression,0,-1.9531459806475944,2.45024495624837,Depression -> Loneliness,0,True,False,False,2021,5,Looking for friends in NYC
119734,Depression,0,-1.9521428759658144,2.44924185156659,Depression -> Loneliness,0,True,True,True,2019,60,Does leaving social media help loneliness? Do you think social media helps or worsens loneliness? Is it better then no social life? I like the times I can talk to someone online but other times I'm just being ignored by a string of people &amp; it's so fucking depressing &amp; lonely enhancing... Am
660278,Loneliness,1,2.9376141926170387,2.440515217016263,Loneliness -> Depression,1,True,True,True,2022,76,"The one time I went to therapy. Can’t afford a real diagnosis or therapist but my uni offers “free” mental health services, meaning you get an appointment once a month and half the time it’s cancelled. The therapist they gave made me fill out 10 pages of generic paperwork then just read a “how to co"
495011,Loneliness,1,2.9319045578329956,2.43480558223222,Loneliness -> Depression,1,True,True,True,2021,77,"Yesterday i had very strong suicidal thoughts Today i woke up feeling disgusted and I'm very depressed right now, I'm on a medication for bipolar and I'm super unstable right now, I'm walking in the streets disoriented and don't know if my decisions are going to work for me , i feel like I made anot"
540634,Depression,0,-1.9351172704694748,2.4322162460702503,Depression -> Loneliness,0,True,True,True,2021,9,How do people work if you feel emotionally lonely
262802,Depression,0,-1.9350850312587697,2.4321840068595453,Depression -> Loneliness,0,True,True,True,2020,74,"Loneliness I feel like I’m so alone in the world. I feel like nobody cares for real. I mean there is people around me at times but I don’t find real connections with anyone, really no one. I’ve been lonely since I can remember and that thought alone makes me so sad. I think it will always be this wa"
247590,Depression,0,-1.9338531805904418,2.4309521561912173,Depression -> Loneliness,0,True,True,True,2020,8,I'm so lonely That's it. That's the post
332201,Depression,0,-1.9320112423907791,2.4291102179915547,Depression -> Loneliness,0,True,True,True,2020,34,Anyone up for a casual chat? I've been feeling so lonely for a long time. Barely got any friends. Either pushed all of them away or they're busy (There's only one left anyways XD).
453156,Depression,0,-1.9241390711700204,2.421238046770796,Depression -> Loneliness,0,True,True,True,2021,28,"If anyone's feeling lonely and just wants to chat, Im here it can be about whatever. just know you arent alone. there are always people that will care."
460908,Depression,0,-1.9241030228502396,2.421201998451015,Depression -> Loneliness,0,True,False,False,2021,83,Hi I’m Dana looking for people to chat with and taking care of Hey there how are you doing my name’s is Dana and I’m from Wisconsin in the United States. I’m currently playing volleyball for the Wisconsin badgers standing at whopping 6‘8“ I do have my advantages. I’m kinda new to reddit and made an 
126739,Depression,0,-1.9131510330481372,2.4102500086489127,Depression -> Loneliness,0,True,True,True,2019,19,Loneliness: online vs real life friends? Which would you say is more beneficial to dealing with loneliness &amp; why?
755785,Depression,0,-1.9114731667192717,2.4085721423200472,Depression -> Loneliness,0,True,True,True,2022,256,"I’m 19 and I I find it extremely hard to even try and talk to anyone. Better I should just die now. MI don't know, I don't even know what to say here in all honesty. I've been alone for so long I can't even talk to anyone. Not even just romantic loneliness (I've never been loved) but loneliness in g"
608450,Depression,0,-1.908735252781422,2.4058342283821976,Depression -> Loneliness,0,True,True,True,2021,13,Merry christmas to my fellow lonely people. I'll cheers to All of you.
234049,Depression,0,-1.9085705210740236,2.405669496674799,Depression -> Loneliness,0,True,True,True,2020,7,I dont want to feel lonely anymore :(
116093,Depression,0,-1.9059762750902043,2.40307525069098,Depression -> Loneliness,0,True,True,True,2019,51,I hate being alone My biggest fear is being alone. I hate the feeling. I can be in a crowd full of people and still feel lonely. I get so lonely I forget what I’m worth sometimes. I’m trying to get better but it always comes back to me.
661881,Depression,0,-1.9057137219725373,2.402812697573313,Depression -> Loneliness,0,True,True,True,2022,4,Handling Post-breakup Loneliness?
456534,Depression,0,-1.9028915516941125,2.399990527294888,Depression -> Loneliness,0,True,True,True,2021,243,"Loneliness is more than just being single I’m 30 years old and feel like the older I get, the more disconnected from people I feel. Hanging out and talking to people doesn’t feel really fun as much. I don’t really have a sense of belong anywhere, childhood friends are all doing their own thing and t"
477544,Depression,0,-1.893720029385174,2.3908190049859495,Depression -> Loneliness,0,True,True,True,2021,6,I suffer from self inflicted loneliness
510589,Loneliness,1,2.886218489145197,2.3891195135444216,Loneliness -> Depression,1,True,True,True,2021,31,You know what happens when a depressed person meets someone with depression ? No ? he finally feels understood and does everything to help him. Then get rejected when the person is better.
94322,Depression,0,-1.8848155258506791,2.3819145014514547,Depression -> Loneliness,0,True,True,True,2019,81,What's your go-to to feel better? I know I'm triggered by loneliness and I live alone. I have friends but they all moved away and I'm extremely extroverted so it hurts that I don't have people to just hang with. I just don't know how to get out of my funks when they happen. I feel lonely a lot and n
730797,Depression,0,-1.8771920257648649,2.3742910013656404,Depression -> Loneliness,0,True,True,True,2022,287,"Not having friends as an adult is lonely as fuck I’m almost 21 and the last time I had real friendships was sophomore year of high school. Ive never been to an actual party, I haven’t gone out and hung out with people in so long, honestly I don’t think I’d know how to socialize properly if I did aga"
125229,Depression,0,-1.8729713537307697,2.3700703293315453,Depression -> Loneliness,0,True,True,True,2019,13,"If anyone wants to vent to me, I’ll listen. Loneliness kills, man."
656022,Loneliness,1,2.857623278671685,2.3605243030709095,Loneliness -> Depression,1,True,True,True,2022,48,This is painful! I’m so depressed that it hurts. I’ve dealt with depression for a very long time but it’s never felt this bad. I don’t know what to do. I feel like I have absolutely zero will to do anything. So incredibly numb.
79564,Loneliness,1,2.8547054669311835,2.357606491330408,Loneliness -> Depression,1,True,True,True,2019,24,Anxiety and depression fuels my social isolation which in return fuels my depression and anxiety. Who’s going through this? I’m a mess.
159997,Depression,0,-1.8593552540041984,2.356454229604974,Depression -> Loneliness,0,True,True,True,2019,114,"Chronic loneliness. I feel like I've burnt out. I've been lonely for many years. Countless internet friendships that never led anywhere. Watching everyone form relationships but me. Getting my hopes up just to be let down. Trying to find ""hobbies"", but all hobbies are just meaningless distractions t"
583460,Loneliness,1,2.853291276762209,2.3561923011614336,Loneliness -> Depression,1,True,True,True,2021,257,"Idk what to do anymore I've tried medication, I've tried therapy, I've been to different therapy clinics for a total of 4 months in the last year. I have anxious avoidant personality disorder and severe depression, but none of the above helped with any of that. It's all such a drag, I have constant "
404009,Depression,0,-1.8508168606598838,2.3479158362606594,Depression -> Loneliness,0,True,True,True,2020,8,NYE reminds me of how lonely I am
635548,Depression,0,-1.8425739561540344,2.33967293175481,Depression -> Loneliness,0,True,True,True,2022,78,"Trashy life I’m 22 years old and I feel lonely. I used to have a lot of friends but in a period of a year, they stopped talking to me for some reason and now that I see everyone around People I used to hang out with 24/7 makes me feel like fomo. My list of friend went from 20+ to like 2 o 3. I feel "
232624,Depression,0,-1.8415003676988624,2.338599343299638,Depression -> Loneliness,0,True,True,True,2020,13,Feeling very lonely I could use a friend. I don’t have any : (
727243,Loneliness,1,2.8351003191784465,2.338001343577671,Loneliness -> Depression,1,True,True,True,2022,30,Help needed I was making a mod for a game to fight my depression but it's Fandom hates me now so I will not give up but I need up
689648,Depression,0,-1.836568107818481,2.3336670834192565,Depression -> Loneliness,0,True,True,True,2022,8,Feeling really lonely and anxious. Anyone wanna talk?
19292,Depression,0,-1.8340889255998967,2.331187901200672,Depression -> Loneliness,0,True,True,True,2019,38,I'm pathetic I'm 22 and still a lonely virgin. Never dated. Always been lonely. I help everyone as much as I can and I end up a loser and alone. I hate this feeling. Idk what to do anymore.
592455,Depression,0,-1.833883791456628,2.3309827670574035,Depression -> Loneliness,0,True,False,False,2021,6,Anyone want to chat through message?
7234,Depression,0,-1.83244816626594,2.3295471418667155,Depression -> Loneliness,0,True,False,False,2019,52,"Cool someone to talk to? I’m , in Louisiana. I’d like to make friends (nothing else) with someone (18-26, Metairie or Kenner) near me and hangout, talk through stuff together? Idk I’m at the end of my rope lol Not interested in chat if you’re not near, sorry but thanks :)"
128199,Depression,0,-1.8324157973632085,2.329514772963984,Depression -> Loneliness,0,True,False,True,2019,10,I just feel so alone.. Anyone wanna chat? 22F here.
258138,Depression,0,-1.830866999427125,2.3279659750279005,Depression -> Loneliness,0,True,True,True,2020,136,"Tired of having no friends and no one to talk to As a kid I was always really shy and never really had more than a couple friends at a time but growing up it’s just gotten worse, I now have extremely bad social anxiety and have a really hard time talking to people, the last 4 or 5 years or so years "
269734,Depression,0,-1.8301294115859985,2.327228387186774,Depression -> Loneliness,0,True,True,True,2020,12,"Message me. I am lonely and depressed, I need an honest friend"
498117,Depression,0,-1.8286134054874301,2.3257123810882057,Depression -> Loneliness,0,True,True,True,2021,35,I feel like death because I’m all alone I have no one to hang out with and no one to go to fun events with. It’s so hard to describe this crushing loneliness
275157,Depression,0,-1.8285070624186361,2.3256060380194117,Depression -> Loneliness,0,True,True,True,2020,231,"I’m so lonely part 2 I am so lonely, I haven’t talked to anyone outside of my family in months almost a year. I haven’t had a good conversation in years. Both sides of my family either blocked me ghosted me or did something super mean to me I’ve stopped talking to them entirely. The only people that"
189286,Depression,0,-1.826266787505456,2.3233657631062314,Depression -> Loneliness,0,True,True,True,2020,177,"Feeling lonely because of not being in an intimate relationship. During the past year, I have been feeling quite depressed about my personal relationships. I’d say that I have friends, and I can definitely depend on them, but I can’t bear of not being in “love”. I just want somebody that I can conne"
441927,Loneliness,1,2.817395802389072,2.3202968267882964,Loneliness -> Depression,1,True,True,True,2021,85,Me How can I tell my parents I have social anxiety and depression?? My sister just went to a mental hospital and she got diagnosed with OCD and depression. I can see it in my parents eyes that they feel like a failure when they look at her because she has those mental illnesses. I don’t want my pare
585368,Loneliness,1,2.811142869747344,2.3140438941465686,Loneliness -> Depression,1,True,True,True,2021,195,"Yesterday was bad… I hit an all time low yesterday. My depression hit rock bottom, I cried all day, I drained myself in the sauna for hours. And then I realized that I might not be able to get myself back to normal or heal myself. Therapy isn’t working. I’m not getting better. I feel like to much da"
90642,Depression,0,-1.8157770947887433,2.312876070389519,Depression -> Loneliness,0,True,False,False,2019,15,"Hi, I'm willing to talk to anyone who needs it! DM me on Reddit-Chat"
294344,Depression,0,-1.80511877689715,2.3022177524979255,Depression -> Loneliness,0,True,True,True,2020,298,"Why is so hard to make connections with people? Its been a while since I decided I wanted to meet people because I hated feeling alone. I've tried irl and online, with guys and girls, but without any luck. I'm not even talking about a romantic relationship, just a friend. I really don't know why it "
262070,Loneliness,1,2.799220899786185,2.3021219241854096,Loneliness -> Depression,1,True,True,True,2020,193,"I don't want to be here anymore. I've been living several years in a cycle of depression and self destructive behaviour/thinking and I just want to end things. I've always said that if I could gain access to a gun, I would have ended it years ago. I'm tired of trying and never achieving anything in "
439689,Depression,0,-1.803216300783447,2.3003152763842225,Depression -> Loneliness,0,True,True,True,2021,35,I feel so lonely it hurts no women ever want me I don’t get matches on dating apps I hate being lonely and ugly I hate myself because I’m ugly nobody cares either
245536,Depression,0,-1.8013914946497245,2.2984904702505,Depression -> Loneliness,0,True,False,True,2020,121,"No friends. I’ve been in a bad bit recently and I’ve realized I don’t have friends really. I have 1 close friend, but whenever he’s busy I find myself gutted. I have a bad problem where I depend so much on talking to other people or being around them. If I’m just chilling in a Discord call with some"
331049,Depression,0,-1.8009126654037053,2.298011641004481,Depression -> Loneliness,0,True,False,False,2020,17,Anyone up for a chat :) I’m 22 female. Open to talking to all ages. Respectful and mindful
366205,Depression,0,-1.7919005239208334,2.288999499521609,Depression -> Loneliness,0,True,False,False,2020,4,Anyone wants to chat?
596230,Depression,0,-1.7872321160073499,2.2843310916081254,Depression -> Loneliness,0,True,True,True,2021,210,"lonely/empty I dont want to seem overly dramatic or sound like I'm complaining but I have nobody to talk to about this. \[Male/18 years old\] After I graduated high school this year I've lost touch with every single ""friend"" I had so I don't really have a ""friend group"" or anybody really to talk to,"
487234,Loneliness,1,2.772754783298785,2.2756558076980093,Loneliness -> Depression,1,True,True,True,2021,626,"I feel like my therapist is trying to scam me and I don't know where to post this, help? OK so I don't know where to post this so I'm sorry if it seems irrelevant but I really need advice and this subreddit has lots of people on it who might see this and give me their opinion. I don't even know how "
269080,Depression,0,-1.770738754548645,2.2678377301494206,Depression -> Loneliness,0,True,True,True,2020,8,Pls message me I am lonely and depressed.
711461,Loneliness,1,2.7627989023064483,2.2656999267056728,Loneliness -> Depression,1,True,True,True,2022,1564,"Ive lost so many people by just existing. Am I in the wrong? Trigger Warning: Mentions of suicide, some sexual assault, depression, some vulgar language not a lot tho Sorry if theres some typos, its a lot of stuff I (), have lost pretty much everyone ive talked to in the last 2-3 years. See, those 2"
406601,Depression,0,-1.766394429172255,2.2634934047730306,Depression -> Loneliness,0,True,True,True,2021,68,Destined to be alone No matter where life takes me I always feel lonely and that I’ll never find what I’m looking for! Im F34 and in a relationship which has been amazing but has a lot of baggage on his side still to deal with. I’m a little confused about everything. Any other females out there in a
755876,Depression,0,-1.7630776633906509,2.2601766389914264,Depression -> Loneliness,0,True,True,True,2022,263,"I just want some physical human contact I'm tired and lonely. I'm not very social and I currently have literally no friends, I've purposefully gotten away from the only 2 I had for various reasons including them not being very good friendships and me just being exhausted by social interaction. But I"
346570,Depression,0,-1.7565411591110882,2.2536401347118638,Depression -> Loneliness,0,True,True,True,2020,21,Lonely I actually don’t like a lot of human interaction but being alone this much just makes me extremely sad.
703772,Depression,0,-1.7556799684153126,2.252778944016088,Depression -> Loneliness,0,True,False,False,2022,16,I need to chat with someone. please message me so I can practice talking to people.
462982,Loneliness,1,2.7494443706671716,2.252345395066396,Loneliness -> Depression,1,True,True,True,2021,52,"I think i have depression me and my dad think we have depression so the way he decided to deal with it is take away my electronics wich is the only thing that's making me happy and reducing my bedtime for 3 hours. im even sadder now, he said hes not punishing me"
140426,Depression,0,-1.7546969036950961,2.2517958792958717,Depression -> Loneliness,0,True,True,True,2019,10,i dont have a single friend it’s so lonely
211390,Depression,0,-1.7543103851858848,2.2514093607866603,Depression -> Loneliness,0,True,True,True,2020,142,"My birthday is this Friday and it’s a freaking joke I hate my birthday. Every year I get all worked over by it only to get let down because I don’t have anyone. I don’t have any irl friends and I never had. I don’t have a girl friend. Online people just always leave me, even when they say they won’t"
223425,Loneliness,1,2.7428670312492356,2.24576805564846,Loneliness -> Depression,1,True,True,True,2020,30,I’m so f depressed that I’m not depressed anymore. I used to be depressed as fuck and now I’m not anymore. Why? This doesn’t makes sense.
553584,Depression,0,-1.7485106306029468,2.2456096062037223,Depression -> Loneliness,0,True,True,True,2021,29,"I'm just lonely I'm 27 and haven't had a successful relationship, I understand I'm not alone, but I wish I had at least 1 relationship that taught me anything about love"
230349,Depression,0,-1.7465119068587938,2.2436108824595693,Depression -> Loneliness,0,True,True,True,2020,95,"Spare friends ??? Hi ! I’m feeling so lonely these days and I’d love to make some friends on this subreddit, we could uplift each other, support each other &lt;3 I’m a 19 year old french girl, who’s favorite thing in the world is travelling and learning about other ppl culture ! Open mindness is sup"
117851,Depression,0,-1.7454754010978135,2.242574376698589,Depression -> Loneliness,0,True,True,True,2019,3,Hopeless and lonely
718,Depression,0,-1.7424179396001027,2.2395169152008783,Depression -> Loneliness,0,True,False,False,2019,8,Who wanna talk on skype or privatr message?
660011,Depression,0,-1.7405610289792763,2.237660004580052,Depression -> Loneliness,0,True,True,True,2022,20,"I have a boyfriend, a job I like, and a few friends but still feel lonely most of the time."
467757,Depression,0,-1.7376650030872405,2.234763978688016,Depression -> Loneliness,0,True,True,True,2021,57,"im lonely, i want a girlfriend to share my love with, talk with, have fun with, prepare food for and go on trips together. im so lonely, before i didnt want to get a girlfriend but now all of a sudden i just feel very lonely. I want to share my love with someone proper. Anybody relate?"
