feature,svm_coefficient,lr_coefficient,loneliness_document_percent,depression_document_percent,loneliness_mean_tfidf,depression_mean_tfidf,direction
suicide,2.107679762151643,4.493288993835449,1.3885454510870598,6.88970723276808,0.0009896033443510532,0.004929900169372559,Depression-associated
therapist,1.9144645277506698,4.362462520599365,1.0851577806098187,4.498170499121746,0.0006753563648089767,0.0030581911560148,Depression-associated
job,1.8891031356515773,4.399456977844238,4.683963251098473,10.886118868111117,0.002457910915836692,0.006335755810141563,Depression-associated
my friends,1.8522957831253957,2.3618950843811035,7.619880927472277,7.052643475722029,0.0048086196184158325,0.003891110885888338,Depression-associated
suicidal,1.8220027763170579,3.5665266513824463,1.4389515530785764,6.38229740102565,0.0009862750303000212,0.004229673650115728,Depression-associated
die,1.7098406474665986,3.9948384761810303,3.2069693568942235,9.578155241508243,0.002296551363542676,0.006753815803676844,Depression-associated
therapy,1.6738972758768196,3.658601760864258,1.3143628858919978,5.6853446855000875,0.0007864682120271027,0.0038074469193816185,Depression-associated
help,1.5967138215827115,2.570891857147217,10.160158256139082,19.894703630276002,0.005553852301090956,0.01066326443105936,Depression-associated
kill,1.5956445548302913,4.005477428436279,1.212599623380823,7.2516046394446985,0.0009913904359564185,0.005282000172883272,Depression-associated
struggling,1.5490748934368375,2.9225289821624756,1.5521275179274532,4.068461476880477,0.0011224814224988222,0.002764284610748291,Depression-associated
killed,1.513613102711986,3.926184892654419,0.2681985049359938,1.2822988137676417,0.00021587288938462734,0.001059947651810944,Depression-associated
fucking,1.2955410595870818,2.318634271621704,5.481901356209461,10.220246476386018,0.003971688915044069,0.00735727371647954,Depression-associated
kill myself,1.2710421676962154,2.25801944732666,0.667643086755559,5.250926523289052,0.0006102832267060876,0.004030189942568541,Depression-associated
support,1.2673276843737702,2.0371251106262207,2.336750803644456,3.587187371970257,0.001708357478491962,0.002389820758253336,Depression-associated
not alone,1.2602934172304667,2.2329864501953125,0.8026933977516977,0.5170635686804519,0.0008895894861780107,0.000497789413202554,Depression-associated
motivation,1.238483958806206,3.156881332397461,1.0280942689213095,4.152990539337801,0.0006862371228635311,0.002954059047624469,Depression-associated
worthless,1.236952738253973,1.770012378692627,1.1393681167139025,2.6083926292541193,0.0009860603604465723,0.0020680429879575968,Depression-associated
killing,1.2273362891297215,2.7013518810272217,0.8055465733361231,2.81583024492237,0.0007162783294916153,0.0021731655579060316,Depression-associated
don want,1.2122042377437514,2.230076551437378,6.502387156905636,11.613445536441679,0.0036164468619972467,0.006688026711344719,Depression-associated
mental,1.1762144668899535,2.478405714035034,3.28876039031442,8.138100238753397,0.0018390303011983633,0.004771085921674967,Depression-associated
everything,1.1443912377553889,2.1431024074554443,9.903372453540792,18.355050317160575,0.004795910324901342,0.00889729056507349,Depression-associated
for help,1.1426067610799835,1.9202494621276855,0.6305518041580279,1.8090161193861165,0.000497263390570879,0.0013639579992741346,Depression-associated
medication,1.122840481931553,4.298354625701904,0.3033876704772412,3.27402956398073,0.00018891406944021583,0.0025273009669035673,Depression-associated
died,1.1081741606808884,2.3614962100982666,0.9348905331634109,2.3333788550197077,0.0007257866091094911,0.0017427275888621807,Depression-associated
failure,1.0748648584620037,2.34549880027771,0.7608468225134575,2.559182116570051,0.0006120104808360338,0.0019494619918987155,Depression-associated
happiness,1.0635379202899118,1.916163682937622,1.761360394118654,3.3988217731795642,0.0013013826683163643,0.0024918103590607643,Depression-associated
jobs,1.05196965071629,2.5905652046203613,0.641013447967588,1.889071498872161,0.00042652481351979077,0.0012930786469951272,Depression-associated
meds,1.0473934667551352,3.99167799949646,0.34523424571548134,3.1791403935899187,0.00024560134625062346,0.0026364591903984547,Depression-associated
alive,1.0407017770530078,2.081174850463867,1.2858311300477432,3.7958022726309495,0.0009973470587283373,0.002889856928959489,Depression-associated
when alone,1.0393917892495725,1.4577361345291138,0.2044775835504917,0.25146807438557495,0.00024091938394121826,0.0002612719836179167,Depression-associated
making friends,-1.778930660065112,-2.519580841064453,1.4494131968881365,0.3545982397234793,0.0014453845797106624,0.0002721968339756131,Loneliness-associated
conversations,-1.7819957090248042,-2.915098190307617,2.0951819374964336,0.7240302703517256,0.0018720361404120922,0.0005072253989055753,Loneliness-associated
find someone,-1.791532931574197,-2.4395127296447754,1.9648869191410039,0.5130607997061497,0.0019304846646264195,0.0003947809454984963,Loneliness-associated
kiss,-1.8033201857792625,-2.5265650749206543,0.8654632606090579,0.2872575381558066,0.0009278692887164652,0.00021679248311556876,Loneliness-associated
make friends,-1.8264511625115674,-2.9256067276000977,3.6159245239952065,0.9161631811182324,0.0035056741908192635,0.0006836039246991277,Loneliness-associated
being alone,-1.8799035284417596,-2.23708176612854,3.4352234036482607,0.9305260580260227,0.0035116150975227356,0.0007477644248865545,Loneliness-associated
relationship,-1.9560840697332706,-4.000263690948486,9.43830483327944,5.924568995964267,0.00627856282517314,0.003187789348885417,Loneliness-associated
someone,-1.960000726239574,-3.9267239570617676,29.053886976204517,16.297156150372256,0.019467905163764954,0.008281718008220196,Loneliness-associated
talk,-1.9964492569407415,-3.576850175857544,26.82745896182451,13.867004468973832,0.02014813758432865,0.007248786278069019,Loneliness-associated
single,-2.0313186785396513,-3.3439676761627197,5.2622068362087004,3.953323004619666,0.003980875480920076,0.0023410331923514605,Loneliness-associated
touch,-2.0771591032518795,-3.24908447265625,1.8935575295303673,0.9065094441802094,0.0018290156731382012,0.0006589935510419309,Loneliness-associated
romantic,-2.0801088712162272,-3.166384696960449,1.911627641565062,0.5747505333101016,0.0017291981494054198,0.000423701130785048,Loneliness-associated
loner,-2.097597943437857,-3.418153762817383,0.8064976318642649,0.20626033067580868,0.0010367392096668482,0.00018532125977799296,Loneliness-associated
cuddle,-2.129813736482456,-2.49163818359375,0.9672265231202328,0.165290812938833,0.0014606774784624577,0.00017017357458826154,Loneliness-associated
ghosted,-2.1886159468166433,-3.176224708557129,1.3219713541171323,0.3823821655451065,0.001513548195362091,0.0003500792372506112,Loneliness-associated
friendship,-2.2272241114656857,-3.705833673477173,3.5683715975881154,0.9349997409973017,0.0033034426160156727,0.0006652442971244454,Loneliness-associated
connection,-2.2575252722905303,-3.5400917530059814,2.616362010918152,0.7598197341219574,0.002437462331727147,0.000553194317035377,Loneliness-associated
girl,-2.263737721685571,-4.01316499710083,7.988891636391304,4.055275884965129,0.006381838582456112,0.002433696761727333,Loneliness-associated
message,-2.2799968864657,-3.180569887161255,4.038194510490175,0.7030745974862611,0.004543077666312456,0.000656097021419555,Loneliness-associated
hmu,-2.303996350393699,-3.1093921661376953,0.7304129496129191,0.02095567286546458,0.0017925064312294126,4.929044735035859e-05,Loneliness-associated
discord,-2.336286567900188,-3.283233642578125,2.292051052821791,0.1200830692290667,0.003929100930690765,0.00029323878698050976,Loneliness-associated
friend,-2.369876201058064,-3.9162418842315674,17.431951762311453,9.078515490715931,0.012268099002540112,0.0051116980612277985,Loneliness-associated
couples,-2.473429197170285,-3.9498484134674072,0.6971259011279554,0.15634344699627506,0.0008871599566191435,0.0001442478533135727,Loneliness-associated
conversation,-2.5017719629336153,-3.7408804893493652,4.2873718448633324,1.659500925346004,0.003867025952786207,0.001071315142326057,Loneliness-associated
loneliest,-2.5211058477536756,-4.002409934997559,0.3889829380100051,0.05580330864174276,0.0006042741006240249,7.080937939463183e-05,Loneliness-associated
lonelier,-2.568672568828406,-4.096686363220215,0.576341468053944,0.07393349752534695,0.0007419179892167449,8.371222793357447e-05,Loneliness-associated
dm,-2.7933060599251465,-3.691096305847168,2.3881079641641145,0.09018003042104421,0.004624807741492987,0.00020744478388223797,Loneliness-associated
chat,-2.870640068165862,-3.818833589553833,6.135278565042893,0.7148474474106794,0.01028524897992611,0.0008042697445489466,Loneliness-associated
friends,-3.4462312382494655,-6.436326503753662,36.020390694843364,21.007002491135044,0.02183038555085659,0.009147745557129383,Loneliness-associated
alone,-4.232024457351964,-8.564774513244629,24.505925094630324,12.107198862271783,0.01693393848836422,0.006342551205307245,Loneliness-associated
