feature,svm_coefficient,lr_coefficient,svm_abs_coefficient,lr_abs_coefficient,direct_shortcut,extended_cue,svm_abs_rank,lr_abs_rank,svm_direction,lr_direction,direction
suicide,2.107679762151643,4.493289,2.107679762151643,4.493289,False,True,24,8,Depression-associated,Depression-associated,Depression-associated
job,1.8891031356515773,4.399457,1.8891031356515773,4.399457,False,False,36,9,Depression-associated,Depression-associated,Depression-associated
therapist,1.9144645277506698,4.3624625,1.9144645277506698,4.3624625,False,False,35,10,Depression-associated,Depression-associated,Depression-associated
medication,1.122840481931553,4.2983546,1.122840481931553,4.2983546,False,False,141,11,Depression-associated,Depression-associated,Depression-associated
antidepressants,1.0302055134413477,4.052561,1.0302055134413477,4.052561,False,False,176,16,Depression-associated,Depression-associated,Depression-associated
kill,1.5956445548302913,4.0054774,1.5956445548302913,4.0054774,False,False,62,18,Depression-associated,Depression-associated,Depression-associated
die,1.7098406474665986,3.9948385,1.7098406474665986,3.9948385,False,False,53,21,Depression-associated,Depression-associated,Depression-associated
meds,1.0473934667551352,3.991678,1.0473934667551352,3.991678,False,False,166,22,Depression-associated,Depression-associated,Depression-associated
killed,1.513613102711986,3.926185,1.513613102711986,3.926185,False,False,70,25,Depression-associated,Depression-associated,Depression-associated
therapy,1.6738972758768196,3.6586018,1.6738972758768196,3.6586018,False,False,55,31,Depression-associated,Depression-associated,Depression-associated
suicidal,1.8220027763170579,3.5665267,1.8220027763170579,3.5665267,False,True,40,33,Depression-associated,Depression-associated,Depression-associated
motivation,1.238483958806206,3.1568813,1.238483958806206,3.1568813,False,False,111,44,Depression-associated,Depression-associated,Depression-associated
episode,1.0170720493140917,2.9704196,1.0170720493140917,2.9704196,False,False,181,47,Depression-associated,Depression-associated,Depression-associated
psychiatrist,0.9189584421006526,2.9471204,0.9189584421006526,2.9471204,False,False,229,49,Depression-associated,Depression-associated,Depression-associated
struggling,1.5490748934368375,2.922529,1.5490748934368375,2.922529,False,False,63,52,Depression-associated,Depression-associated,Depression-associated
killing,1.2273362891297215,2.701352,1.2273362891297215,2.701352,False,False,115,65,Depression-associated,Depression-associated,Depression-associated
doctor,0.7035227186554306,2.597335,0.7035227186554306,2.597335,False,False,433,71,Depression-associated,Depression-associated,Depression-associated
jobs,1.05196965071629,2.5905652,1.05196965071629,2.5905652,False,False,164,76,Depression-associated,Depression-associated,Depression-associated
help,1.5967138215827115,2.5708919,1.5967138215827115,2.5708919,False,False,61,79,Depression-associated,Depression-associated,Depression-associated
zoloft,0.5843840003444573,2.5430532,0.5843840003444573,2.5430532,False,False,658,82,Depression-associated,Depression-associated,Depression-associated
dae,0.6089605105607003,2.5224986,0.6089605105607003,2.5224986,False,False,604,86,Depression-associated,Depression-associated,Depression-associated
wellbutrin,0.5219685236661772,2.490746,0.5219685236661772,2.490746,False,False,869,91,Depression-associated,Depression-associated,Depression-associated
diagnosed,0.7995359514544689,2.4796844,0.7995359514544689,2.4796844,False,False,319,92,Depression-associated,Depression-associated,Depression-associated
mental,1.1762144668899535,2.4784057,1.1762144668899535,2.4784057,False,False,123,93,Depression-associated,Depression-associated,Depression-associated
psychologist,0.8644317854924648,2.433333,0.8644317854924648,2.433333,False,False,255,98,Depression-associated,Depression-associated,Depression-associated
pills,0.8400502288853635,2.4012024,0.8400502288853635,2.4012024,False,False,272,101,Depression-associated,Depression-associated,Depression-associated
of bed,0.6139003875888898,2.4009852,0.6139003875888898,2.4009852,False,False,596,102,Depression-associated,Depression-associated,Depression-associated
taking,0.6043344279358007,2.3997705,0.6043344279358007,2.3997705,False,False,619,103,Depression-associated,Depression-associated,Depression-associated
lexapro,0.5336607040175613,2.389311,0.5336607040175613,2.389311,False,False,817,104,Depression-associated,Depression-associated,Depression-associated
grades,0.8735037172937589,2.374787,0.8735037172937589,2.374787,False,False,253,106,Depression-associated,Depression-associated,Depression-associated
alone,-4.232024457351964,-8.5647745,4.232024457351964,8.5647745,False,True,5,5,Loneliness-associated,Loneliness-associated,Loneliness-associated
friends,-3.4462312382494655,-6.4363265,3.4462312382494655,6.4363265,False,False,6,6,Loneliness-associated,Loneliness-associated,Loneliness-associated
lonelier,-2.568672568828406,-4.0966864,2.568672568828406,4.0966864,False,False,10,13,Loneliness-associated,Loneliness-associated,Loneliness-associated
girl,-2.263737721685571,-4.013165,2.263737721685571,4.013165,False,False,19,17,Loneliness-associated,Loneliness-associated,Loneliness-associated
loneliest,-2.5211058477536756,-4.00241,2.5211058477536756,4.00241,False,False,11,19,Loneliness-associated,Loneliness-associated,Loneliness-associated
relationship,-1.9560840697332706,-4.0002637,1.9560840697332706,4.0002637,False,False,32,20,Loneliness-associated,Loneliness-associated,Loneliness-associated
couples,-2.473429197170285,-3.9498484,2.473429197170285,3.9498484,False,False,14,23,Loneliness-associated,Loneliness-associated,Loneliness-associated
someone,-1.960000726239574,-3.926724,1.960000726239574,3.926724,False,False,31,24,Loneliness-associated,Loneliness-associated,Loneliness-associated
friend,-2.369876201058064,-3.916242,2.369876201058064,3.916242,False,False,15,26,Loneliness-associated,Loneliness-associated,Loneliness-associated
chat,-2.870640068165862,-3.8188336,2.870640068165862,3.8188336,False,False,7,27,Loneliness-associated,Loneliness-associated,Loneliness-associated
conversation,-2.5017719629336153,-3.7408805,2.5017719629336153,3.7408805,False,False,12,28,Loneliness-associated,Loneliness-associated,Loneliness-associated
friendship,-2.2272241114656857,-3.7058337,2.2272241114656857,3.7058337,False,False,21,29,Loneliness-associated,Loneliness-associated,Loneliness-associated
dm,-2.7933060599251465,-3.6910963,2.7933060599251465,3.6910963,False,False,8,30,Loneliness-associated,Loneliness-associated,Loneliness-associated
talk,-1.9964492569407415,-3.5768502,1.9964492569407415,3.5768502,False,False,29,32,Loneliness-associated,Loneliness-associated,Loneliness-associated
connection,-2.2575252722905303,-3.5400918,2.2575252722905303,3.5400918,False,False,20,34,Loneliness-associated,Loneliness-associated,Loneliness-associated
loner,-2.097597943437857,-3.4181538,2.097597943437857,3.4181538,False,False,25,35,Loneliness-associated,Loneliness-associated,Loneliness-associated
social,-1.1603902420956695,-3.3864846,1.1603902420956695,3.3864846,False,False,129,36,Loneliness-associated,Loneliness-associated,Loneliness-associated
single,-2.0313186785396513,-3.3439677,2.0313186785396513,3.3439677,False,False,28,37,Loneliness-associated,Loneliness-associated,Loneliness-associated
by myself,-1.5447883741525255,-3.2957852,1.5447883741525255,3.2957852,False,False,66,38,Loneliness-associated,Loneliness-associated,Loneliness-associated
discord,-2.336286567900188,-3.2832336,2.336286567900188,3.2832336,False,False,16,39,Loneliness-associated,Loneliness-associated,Loneliness-associated
touch,-2.0771591032518795,-3.2490845,2.0771591032518795,3.2490845,False,False,27,40,Loneliness-associated,Loneliness-associated,Loneliness-associated
message,-2.2799968864657,-3.18057,2.2799968864657,3.18057,False,False,18,41,Loneliness-associated,Loneliness-associated,Loneliness-associated
ghosted,-2.1886159468166433,-3.1762247,2.1886159468166433,3.1762247,False,False,22,42,Loneliness-associated,Loneliness-associated,Loneliness-associated
romantic,-2.0801088712162272,-3.1663847,2.0801088712162272,3.1663847,False,False,26,43,Loneliness-associated,Loneliness-associated,Loneliness-associated
hmu,-2.303996350393699,-3.1093922,2.303996350393699,3.1093922,False,False,17,45,Loneliness-associated,Loneliness-associated,Loneliness-associated
dating,-1.6334716852325393,-3.0080462,1.6334716852325393,3.0080462,False,False,60,46,Loneliness-associated,Loneliness-associated,Loneliness-associated
affection,-1.7300529016535047,-2.965246,1.7300529016535047,2.965246,False,False,51,48,Loneliness-associated,Loneliness-associated,Loneliness-associated
companionship,-1.7695889947391545,-2.9439616,1.7695889947391545,2.9439616,False,False,45,50,Loneliness-associated,Loneliness-associated,Loneliness-associated
make friends,-1.8264511625115674,-2.9256067,1.8264511625115674,2.9256067,False,False,39,51,Loneliness-associated,Loneliness-associated,Loneliness-associated
conversations,-1.7819957090248042,-2.9150982,1.7819957090248042,2.9150982,False,False,43,53,Loneliness-associated,Loneliness-associated,Loneliness-associated
