feature,chi2_score,p_value
lonely,6141.962559517748,0.0
chat,2820.808025545972,0.0
loneliness,1809.1201250707977,0.0
to chat,1523.365341214113,0.0
dm,1517.068361257856,0.0
talk,1429.7206461023054,0.0
looking for,1195.455566975957,5.928335339491547e-262
to talk,1162.8918910938182,7.079980362276823e-255
friends,1162.170580714245,1.015774049362624e-254
depression,1161.8825349045585,1.1732733361227453e-254
alone,1119.6005470018065,1.8148959111887596e-245
discord,1097.9442018193756,9.240620336231833e-241
dm me,1042.888516732616,8.551487189738704e-229
someone,1004.2734891145055,2.1152678329342254e-220
someone to,997.9025979795229,5.130574198800087e-219
lonely and,978.3919768381865,8.935575384952138e-215
talk to,906.1997031339829,4.406409794011132e-199
message,892.0552855805855,5.23497540717028e-196
so lonely,879.0115933456511,3.58515409034601e-193
anyone wanna,778.5535483453841,2.483046305950389e-171
feeling lonely,746.570771951745,2.2337855716946628e-164
looking,739.5219408254823,7.616056629335941e-163
feel lonely,733.4592726610867,1.5849097523879598e-161
being lonely,727.0405095763101,3.942073674183915e-160
message me,693.6883951530458,7.050386637608514e-153
friend,660.8126000779446,9.945194155358057e-146
hmu,648.0205833206606,6.019997251343877e-143
chat with,643.03160254517,7.321714419149479e-142
wanna talk,617.0986357143382,3.197390558531995e-136
make friends,539.7225380943847,2.1666750832389702e-119
meet,516.0658934853242,3.0371416869866033e-114
anyone wants,507.1270124783704,2.674840663676365e-112
lonely people,506.65727509999215,3.384546902201918e-112
free to,500.97579073217514,5.829862845959578e-111
be lonely,499.51548567975607,1.2116883513675628e-110
being alone,496.6742128337721,5.030362005609767e-110
feel free,495.25232583376334,1.0256002959080966e-109
friendship,493.44725446356244,2.533577087430306e-109
depressed,490.9595497937273,8.811004552429114e-109
bored,486.67847632092116,7.525628953526941e-108
for friends,461.86967524391605,1.883733312664545e-102
anyone want,439.1775563925199,1.6347148943473328e-97
and lonely,436.74266002602394,5.538279352372842e-97
my loneliness,424.6153579942569,2.4147485629741095e-94
want someone,419.43430684025543,3.2402331946162813e-93
be friends,408.658515951921,7.180162059610456e-91
girl,408.35667541732835,8.352909130813127e-91
conversation,405.10111628694574,4.270739736439675e-90
of loneliness,395.32011744445197,5.750440058617145e-88
with someone,392.10151140147116,2.886548088179468e-87
to meet,381.2866894917495,6.52874873156926e-85
text,373.90808925586055,2.6381157356913955e-83
loneliness is,367.206908279328,7.591767472868757e-82
looking to,365.3241687753454,1.9511236444908405e-81
lonely for,358.20370366104106,6.929868621708089e-80
kill,350.19248553925513,3.8478947560239426e-78
my depression,350.0912879433733,4.048185174340309e-78
on discord,337.5157236015148,2.217724297847085e-75
interested,336.6303271273698,3.457291563064629e-75
hang out,333.40382239127405,1.7435790302772773e-74
new friends,331.8681692269231,3.766179659710024e-74
cuddle,329.2794090235856,1.3795376129652985e-73
lonely but,327.7963103803988,2.902409602191754e-73
female,325.73459269173554,8.162380548583918e-73
connection,322.75934635542893,3.6296420230522377e-72
group,322.60183950828304,3.92799854848041e-72
to message,317.57148016435474,4.8965663712935965e-71
suicide,315.46410111538034,1.4090940184134144e-70
how lonely,315.2313831388655,1.583555488972548e-70
server,307.92085007041464,6.196669747591751e-69
the loneliness,307.26947574776386,8.591309888861123e-69
girls,304.04743711749364,4.3250435077731815e-68
very lonely,299.825466102244,3.595807751410674e-67
me message,298.7479239296147,6.17388371844398e-67
if you,298.09836979704056,8.552180627995605e-67
really lonely,297.7703046355831,1.0082142667580805e-66
lonely in,295.6743426182177,2.88541916238478e-66
kill myself,294.1121013808759,6.31812168488181e-66
been lonely,287.9782003947837,1.3711765485049153e-64
dating,287.1801427204068,2.0463875376595132e-64
die,285.2831748456595,5.300763914247829e-64
find someone,284.1414135472455,9.400123870142148e-64
pm me,277.47587091884475,2.664749229288313e-62
hug,276.5586836057724,4.222162092097782e-62
for someone,263.7713219082498,2.5851176864241547e-59
have friends,263.3419756113986,3.206732926681299e-59
lonely am,262.40788654283404,5.124641583020382e-59
hey,259.64926426375746,2.0462955054949524e-58
new people,257.7172561835583,5.396448910633349e-58
am lonely,255.92635811175464,1.325865032877626e-57
lonely as,254.74467028874767,2.399367658969693e-57
people,251.49712304035975,1.2247774355593648e-56
had someone,251.23787468174268,1.3950007792709973e-56
suicidal,247.23539824148222,1.0403056489702042e-55
bored and,245.7133629885465,2.2335567099195503e-55
friends but,245.62770123759142,2.331703413086855e-55
one to,245.51170478773065,2.4715156767535603e-55
discord server,245.21240667842824,2.8722212625149417e-55
no friends,244.15205255364984,4.89107538205764e-55
with depression,244.05164435959853,5.1439450674398e-55
have someone,242.47432458564083,1.135543051280902e-54
guy,241.2611347432602,2.087972629117394e-54
therapy,239.77152545652524,4.4108599654512533e-54
myself,234.84413224571733,5.235580368867093e-53
to kill,234.43514321725098,6.429112260356856e-53
hang,234.1581074553951,7.388617295545945e-53
less lonely,233.42467362559316,1.0678292614842385e-52
lonely is,232.77168828195053,1.4821732619568568e-52
to die,232.40221206719747,1.784315960460781e-52
need someone,232.11852667718966,2.0574829729244787e-52
dating apps,231.95416247035647,2.2344981692057453e-52
wants to,231.66955560538113,2.5777805885625328e-52
more lonely,230.56874249623215,4.4803297943615544e-52
making friends,229.70084534918743,6.927609609093608e-52
depression and,228.8621910192458,1.0555586497574314e-51
no one,228.44624446804966,1.3007554290250077e-51
just lonely,228.12254460901738,1.5303523893851776e-51
help,228.01544753333286,1.6149101853366373e-51
job,227.69026837542373,1.9013732035120502e-51
be alone,224.97179696731038,7.446660866276799e-51
medication,223.36072997811507,1.6724276256117082e-50
apps,223.00413956992458,2.0004323176031243e-50
meds,222.83087746796033,2.1823004655267697e-50
hi,219.38847345259674,1.2296285821975368e-49
pm,219.38179133854112,1.233762333571191e-49
each other,218.56217259843885,1.8621513885687526e-49
love,215.9346189282807,6.969212978272852e-49
chat and,215.38984396151272,9.162704302657456e-49
lonely it,212.73535506961284,3.476216316623023e-48
relationship,211.8101450765236,5.532881056812365e-48
we can,211.2884241090165,7.19071675914193e-48
romantic,210.38036993582375,1.134697810559371e-47
depression is,207.9256674656571,3.8943666086323957e-47
connect,207.52128388830664,4.771625653053776e-47
meet people,206.82412907146923,6.772912121376273e-47
https,206.02895320318117,1.0098904047852496e-46
lonely just,205.37894106289937,1.3999168685499925e-46
need friend,204.2787753977013,2.4330744476178657e-46
of friends,202.62197752291837,5.59339978941533e-46
conversations,201.7699227758134,8.582294730495046e-46
text me,201.689634856214,8.935591632586501e-46
for friend,200.30051445529205,1.795780112830597e-45
send,197.84887870618115,6.155553577369518e-45
lonely that,197.05803776817967,9.159192122142286e-45
ghosted,196.37609840249277,1.2902792651677624e-44
join,196.32250390687653,1.3255017258537706e-44
friendships,195.82684632346064,1.7004130915610262e-44
people to,195.72783145312002,1.7871622171031776e-44
irl,193.7753803416555,4.767476222357398e-44
chatting,192.8396490817331,7.629929507456349e-44
online,192.76725020863228,7.912659118600398e-44
in relationship,188.3092011037508,7.437113113674877e-43
do,188.18137827073457,7.930611652916184e-43
friends in,187.25544650206257,1.2630780466745158e-42
out with,186.83358687324315,1.5614227136717882e-42
friends with,186.54255160195865,1.8073946193779316e-42
wants,185.3092149665969,3.359649619668815e-42
therapist,185.09546659068107,3.740734093873074e-42
loneliness and,180.78190234957813,3.2711564315766086e-41
to do,180.0667615025015,4.68644567885514e-41
some friends,179.71839419488555,5.583500367140545e-41
just looking,179.68071392523387,5.690281543001345e-41
to text,178.02831446664248,1.305966686859654e-40
to cuddle,175.73912886439305,4.1285906798620206e-40
everything,175.38729166150188,4.927568355418802e-40
love to,174.82520888161042,6.536972715712953e-40
women,174.25340269896742,8.714576242411577e-40
make new,173.68383562563156,1.1604573340844195e-39
motivation,173.10445411268591,1.5529508700800964e-39
mental,172.95644759169681,1.6729408261388837e-39
with loneliness,172.46420614709598,2.1427987037637953e-39
loner,172.45116176555476,2.156900771977134e-39
alone and,170.63990384008656,5.3629852999327285e-39
lonelier,170.36025746258235,6.172813283760152e-39
affection,169.94002667230671,7.625446418673832e-39
company,168.6953899879416,1.4259772873161438e-38
anyone,168.5791284587624,1.5118421827584435e-38
better,168.17479009887268,1.8527757390403322e-38
you wanna,167.91799021810112,2.1082117887420844e-38
this lonely,167.60934295370703,2.462243585555036e-38
wish had,166.6010883911317,4.08851574145631e-38
youtu be,166.49762161793774,4.3069172267145263e-38
youtu,166.49762161793774,4.3069172267145263e-38
so alone,166.3583298284625,4.6194787444217977e-38
lonely because,166.2901694067715,4.780592978995474e-38
lonely have,166.13131707192568,5.178228659992946e-38
shy,164.55499984639602,1.1442477226325978e-37
https youtu,164.32269924053702,1.2860759921072608e-37
of depression,163.6740579114769,1.7822392054464787e-37
send me,162.8916468906571,2.641754974049687e-37
interested in,162.61243815050054,3.0401150859313243e-37
lonely when,162.03654331012922,4.0616751292573126e-37
to hang,161.17932682187853,6.251516223634356e-37
friends to,159.50536135445444,1.451182180620963e-36
couples,159.4790694009404,1.4705050590091848e-36
meet someone,159.27217345604708,1.631818559648043e-36
doctor,159.20606692074892,1.68700266382466e-36
thoughts,158.4220947631414,2.502718462597614e-36
you want,157.40614257981971,4.172564803402808e-36
diagnosed,157.3101341374043,4.379070260757098e-36
wanna,157.22133702262377,4.579151982475388e-36
antidepressants,156.61841707633616,6.201995949863622e-36
lol,156.0171718612686,8.392958445312012e-36
worse,155.86967655697734,9.039535222162344e-36
alone for,154.6034481544579,1.7094374592132692e-35
someone who,153.23273535475766,3.4072906468325424e-35
friends and,152.96801126658104,3.8928171184891526e-35
24m,152.88632619544566,4.0561705494676446e-35
anxiety,151.6081764963925,7.717252331757159e-35
we,151.31646973281104,8.937558201932767e-35
talk with,151.27046209492073,9.146912037773667e-35
my age,150.660583680971,1.2432941978063826e-34
group of,150.63097942270463,1.2619568754939802e-34
with people,148.69489827998405,3.3437358692741948e-34
connect with,148.1344134264128,4.433523967191192e-34
lonely so,148.0324151655668,4.667080749833449e-34
taking,147.61749562262028,5.751027767653419e-34
depressive,147.2010756023672,7.0921072415188465e-34
snapchat,146.78983360975747,8.723180579888045e-34
to live,146.3506793919275,1.0881230695220604e-33
social,146.23108944769655,1.1556379898721306e-33
lonely or,145.80361585913772,1.4330911291846702e-33
messages,145.80062218944127,1.435252375168116e-33
fucking,144.49996808246794,2.7623684559651576e-33
online friends,144.4233450764633,2.87100344832738e-33
any friends,143.73595679735814,4.058076822588412e-33
male,142.98330760568197,5.927623693450764e-33
having someone,142.55707191915357,7.346424777177893e-33
companionship,142.46733765137037,7.685930603855423e-33
been alone,142.3674857627182,8.082192701187552e-33
date,141.0940443832459,1.534539036977055e-32
would love,140.12957679793206,2.49389625452693e-32
preferably,139.34989652976552,3.69299424628755e-32
meet new,138.81517538328592,4.83409420804778e-32
this loneliness,137.46630344983612,9.534757039458437e-32
starved,136.93709258852928,1.2446639135871559e-31
friendly,136.90314760984225,1.2661239744743377e-31
feeling alone,135.7604632693048,2.2511336195685165e-31
loneliest,135.75921453812896,2.2525498010806213e-31
parents,135.20201015950383,2.9822919528024938e-31
to someone,132.17089834370665,1.3727780450771796e-30
do anything,131.10608219101903,2.3472156333238116e-30
talk about,130.89519969619263,2.6102971969226263e-30
don want,130.81423166372824,2.71896943298258e-30
with and,129.5544236938102,5.129067501303518e-30
bed,129.5384349472019,5.1705498401395714e-30
touch,129.4649497331991,5.36556210567054e-30
anime,128.9273779949889,7.034569093488974e-30
who wants,128.8533227286601,7.301991039346721e-30
brain,128.65576051533378,8.066211267048006e-30
like to,128.17713455980825,1.0265948866813053e-29
suicidal thoughts,128.06027077275292,1.0888569795238068e-29
death,127.91848804444092,1.1694872642638466e-29
get better,127.8936029091883,1.1842430555905656e-29
have anyone,127.84164380173891,1.2156555366223342e-29
just talk,127.77391847367687,1.2578539932840596e-29
miss having,127.72994185880793,1.2860363853517885e-29
with anyone,127.19599520508896,1.6830390544382136e-29
open to,126.3991664999597,2.5145903270182503e-29
talking,125.6599728024959,3.6495160952261133e-29
intimacy,125.47526235259681,4.005522505174247e-29
had friends,125.35605093309209,4.253523578950576e-29
new,125.10604673076118,4.8246232571849825e-29
my parents,124.88866299495417,5.383187573659007e-29
of bed,124.44625908816023,6.727674819929824e-29
friend to,124.20004429894001,7.616461414009472e-29
someone and,124.17411382446696,7.716646675128074e-29
being single,124.05993881902448,8.173688071925907e-29
talking to,123.6635956272283,9.980836584100335e-29
please be,123.45476835803454,1.1088543314719005e-28
alone but,122.15008182945508,2.140200694986929e-28
do it,121.63930023029667,2.7686297961770255e-28
youtube com,121.49902473545716,2.971473924794209e-28
chats,120.86765939638644,4.084929447291258e-28
psychiatrist,120.78486809475312,4.259012231600875e-28
19m,120.7199308991993,4.4007301344865055e-28
cuddling,120.69593127680201,4.454291917288174e-28
want friend,120.44742205659529,5.048730559907254e-28
alive,120.05636358273416,6.148856256360742e-28
friend or,119.56400529245624,7.8810963931648975e-28
ghost,119.53526804204675,7.9960999276563755e-28
kiss,119.06820405633815,1.0118969997498502e-27
have depression,118.91956646975508,1.0906349594494987e-27
platonic,118.63398055583454,1.2595263929688514e-27
interests,118.63048916834086,1.2617453266870624e-27
connections,118.34272637323132,1.4587384464288447e-27
to connect,118.3111574779944,1.4821409998704949e-27
friend group,117.5247328809849,2.2033530221630547e-27
health,117.3752667700904,2.3758119495280588e-27
groups,116.09694493465511,4.526212341323471e-27
nice,115.97696277907654,4.808499061359809e-27
relationships,115.96235734652083,4.8440426736121315e-27
friends or,115.5599792293973,5.933699354356263e-27
share,115.43328975854304,6.325138526803995e-27
someone that,115.16923275536166,7.226005978133644e-27
lonely even,114.45050449712545,1.0382569455658906e-26
com watch,114.35732225485805,1.0882107551878451e-26
mom,114.05531727507042,1.2672349447271145e-26
invite,113.84348474326336,1.410109619088805e-26
buddy,113.24956998597665,1.9025516578760068e-26
extremely lonely,113.22451433092313,1.9267459645643055e-26
if anyone,113.05494120499048,2.0987791406174807e-26
depression for,112.50195507283406,2.773912743953351e-26
invited,111.4892301591855,4.6230990420408057e-26
anymore,111.34751182478058,4.9656761653630404e-26
play,110.82673818062169,6.457484657469232e-26
my mom,110.79062484631811,6.576197390650919e-26
single for,110.3096189529661,8.38209134236584e-26
lonely my,110.17375094072368,8.976741702624645e-26
been single,109.98364198398856,9.880271083589962e-26
symptoms,109.97354732354242,9.930713952025965e-26
connection with,108.43568530792912,2.1573835672588296e-25
interaction,108.00416722296941,2.6821365035170127e-25
movies,107.85117423745018,2.897378561743853e-25
awkward,107.74119734349685,3.0626969768667736e-25
diagnosed with,107.33395050153686,3.7613545432764617e-25
convo,107.1871024942946,4.0506423733313686e-25
tinder,107.0313302210939,4.381870978002139e-25
anyone to,106.25190169302033,6.49335260753968e-25
take,106.2056998993566,6.646520099559125e-25
miss,106.03096457724692,7.259199472827407e-25
harm,105.86157833649125,7.906993733907965e-25
new friend,105.82779211873412,8.0429624545638655e-25
self,104.65712343005254,1.4520953152963914e-24
can talk,104.07594745656048,1.947076249024969e-24
alone forever,104.02971064211523,1.9930485396202865e-24
www youtube,103.47398290560935,2.6383616241203267e-24
lonely feel,103.08127451540868,3.2167720867934216e-24
free,103.07574071164032,3.2257698875289065e-24
texting,103.01881092433487,3.3198103353590095e-24
my,102.91550897056942,3.4975088383448456e-24
had friend,102.86238626475173,3.592562272008563e-24
can do,102.01164978788182,5.519620129103264e-24
would like,101.9892014451869,5.5825250591960375e-24
to people,101.875709384218,5.9117003873674495e-24
ghosting,101.71899640715358,6.398382941071536e-24
hangout,101.3420974212099,7.73933675141158e-24
prefer,101.02227849867842,9.09546618587995e-24
hugs,100.73357652718806,1.0522659123633782e-23
lonely all,99.74162838260108,1.736330211963512e-23
out there,99.35126471932155,2.1146277851740626e-23
episode,98.91201490649135,2.6397299204124506e-23
nothing,98.71460633466805,2.916430762884224e-23
life,98.58667936095912,3.111048704922239e-23
self harm,98.52604354252622,3.207781110241059e-23
introvert,98.14033842788432,3.8975775920627855e-23
pills,98.06876741734182,4.041025194632785e-23
who,97.61309865754032,5.086632852055802e-23
cool,97.44607006476669,5.534326957923057e-23
killing myself,96.77172684127217,7.779916463931996e-23
chill,96.74705358918466,7.877473386228187e-23
busy,96.70085228338118,8.063453985533412e-23
never had,96.60733888945168,8.453435446722255e-23
money,96.56147757193222,8.651531138295557e-23
been depressed,96.4013433980394,9.380348348486293e-23
hate,96.18099865695605,1.0484634582638395e-22
one,96.16931909339382,1.0546669392644951e-22
felt lonely,96.02151305726498,1.1364187437974422e-22
out of,95.88252495507847,1.2190669969378083e-22
having friends,95.54497894843851,1.445690508833627e-22
energy,95.500261545713,1.4787175240634917e-22
shit,95.2987734759148,1.6371454917255822e-22
be loved,95.04986109621734,1.8564979488628063e-22
mental health,95.01479761356424,1.8896741754576632e-22
killing,94.9477075900025,1.9548149498279321e-22
to get,94.93604644469514,1.966364268091955e-22
you,94.76722638106659,2.1414183533735595e-22
and bored,94.38972246763642,2.59134213009703e-22
living,94.2055890659222,2.843965249278654e-22
woman,94.20404829180104,2.8461798530377647e-22
depression but,94.17611893840824,2.886623953342079e-22
bad,93.7120460268358,3.6493316991274297e-22
and anxiety,93.3595119857483,4.360807600030508e-22
genuine,93.28044325131683,4.5385457982106445e-22
happy birthday,93.27459275981897,4.551981439739714e-22
struggling,93.16453604319062,4.812271665232332e-22
valentine,92.78330312131163,5.834531828930812e-22
crave,92.46282897637718,6.860124617265017e-22
girl to,92.22850231889393,7.722449338257946e-22
eat,92.00664781246157,8.638579868838072e-22
by myself,91.8326513066329,9.432520633825027e-22
want friends,91.77757166723325,9.698749465665315e-22
app,91.74667846726348,9.851349053672209e-22
friends at,91.26050210237361,1.2594976774034588e-21
to end,90.8457642183065,1.5531915651340324e-21
about anything,89.78134776093012,2.6599019600708182e-21
numb,89.68879087040978,2.7872976205321957e-21
lazy,89.6688002999939,2.8156043167772358e-21
friends that,89.66075926321018,2.8270713727018737e-21
failure,89.52118342586004,3.0337264463110002e-21
games,89.5027204341149,3.062171044999358e-21
so if,89.29542150507335,3.400452216226207e-21
to join,89.27762571009728,3.431178760011398e-21
what,88.94897998328268,4.051274279983066e-21
lonely don,88.93099355602152,4.088277132179611e-21
know each,88.12668491785885,6.1393775443552504e-21
hanging out,88.02772528940888,6.454340592749702e-21
reply,87.93338498424866,6.769637986907236e-21
make some,87.92278464563189,6.806014871133098e-21
their friends,87.76202111653555,7.382289752624e-21
conversation with,87.3749137826107,8.978205399617613e-21
friends online,87.2881576043952,9.380790546579256e-21
pain,87.26839818889476,9.474978561169945e-21
group chat,87.1845781534791,9.885159044538577e-21
romance,87.01252590547185,1.0783604510555583e-20
suffering,86.99560420020579,1.087626467528213e-20
motivation to,86.90766871593198,1.1370761141116998e-20
should,86.85343089401836,1.1686910979035817e-20
be nice,86.57230342331322,1.3472072770261236e-20
somebody,86.56162344869396,1.3545023132876068e-20
effects,86.41062394242579,1.4619741834068646e-20
vent,86.15399642727517,1.664551922443199e-20
sleep,85.98173233480131,1.8160553434860683e-20
you like,85.7965683848793,1.994319524837711e-20
each,85.72285738795622,2.0700622307445603e-20
met,85.7211146849119,2.0718873640944942e-20
all alone,85.63744979970977,2.1614296233538382e-20
be depressed,85.48630136905446,2.3331232411064314e-20
my brain,85.41114815772644,2.4235040346074667e-20
introverted,85.2732433432534,2.598558553566129e-20
acquaintances,85.2580615983432,2.618586876326615e-20
lonely ve,85.25331688325338,2.6248778943617365e-20
anyone like,85.15152729154552,2.7635421677786116e-20
anyone is,85.03166077205591,2.936255678059845e-20
single,84.99554847485702,2.990375619724168e-20
depressed for,84.5467636304907,3.7523391271489823e-20
females,84.36798024285457,4.1074641109089887e-20
talk and,84.16844591602282,4.5436486555215314e-20
for depression,84.1099267979726,4.6801485694158167e-20
illness,83.91026717517549,5.1774944112359704e-20
attractive,83.8279694909128,5.3975743102945537e-20
hate myself,83.81202499432027,5.441282930508646e-20
wake,83.76412799913327,5.574723602079946e-20
creepy,83.57321389963701,6.139939631970991e-20
treatment,83.12073033561163,7.71919137833812e-20
find people,83.11682446214272,7.734458794717032e-20
my dad,82.95700309800357,8.38577360728842e-20
get out,82.90296495303048,8.61818157785856e-20
nobody,82.87301580056999,8.749750869475048e-20
end it,82.66044517803968,9.743158906368213e-20
maybe we,82.59013566687474,1.0095965514703123e-19
20m,82.4441909179642,1.0869626660299788e-19
work,82.41816008146135,1.1013723102046284e-19
ghost me,82.24786364986676,1.2004730006261208e-19
done,82.10908017454939,1.2877962006123194e-19
age,81.91512943127177,1.42057680450991e-19
in common,81.70548027642529,1.57954892412735e-19
wake up,81.65993486512615,1.6163723904225695e-19
some new,81.63342712426603,1.6381979436960002e-19
hospital,81.15752155812794,2.084242019635928e-19
only friend,81.08362072768202,2.1636585671880084e-19
appointment,81.05135718789931,2.199272668413767e-19
and talk,81.04598013946855,2.2052648700971497e-19
hello,80.89574262610292,2.379457429549884e-19
with me,80.67636007588857,2.6588397978587892e-19
one friend,80.62064241585233,2.7348758659610372e-19
on dating,80.2882050797581,3.2359491550090365e-19
21m,80.12714671620962,3.5107576670259894e-19
severe,80.07476684972745,3.605069582551428e-19
birthday,80.02097992929656,3.7045529359815747e-19
alone it,79.08023113918205,5.963811852386468e-19
don mind,78.6273667985069,7.500314624734519e-19
things,78.52784993529022,7.887833131401163e-19
find friends,78.3325330217505,8.707591097504955e-19
my therapist,78.2819471579993,8.933456141474128e-19
fucking lonely,78.13983902423001,9.599816983326912e-19
control,78.08072628271374,9.891439406794729e-19
my doctor,78.00295868583657,1.0288633048192952e-18
stop,77.98044330192603,1.0406579502990895e-18
anything,77.9169329393466,1.0746616690994828e-18
side effects,77.90244589896265,1.0825724776370347e-18
say hi,77.84154655111712,1.1164693902042055e-18
valentine day,77.62254180078918,1.2473837475213796e-18
hugged,77.4603113620365,1.3541639795775347e-18
dead,77.0816545417744,1.6403394660993985e-18
my life,76.58861920704216,2.1054953101214247e-18
disorder,76.58242044663965,2.11211453955774e-18
live,76.10322308930823,2.69217506769253e-18
to work,75.69568525727279,3.3092997051729667e-18
how do,75.62387011581872,3.4318757320811e-18
people but,75.26695034893703,4.111851298871641e-18
being depressed,75.14127554299755,4.382088568928555e-18
people and,75.0327788054327,4.629635876239923e-18
body,74.84677197706016,5.087016819144261e-18
kissed,74.74988250172525,5.342895418774357e-18
feel alone,74.15472719525634,7.22279132135764e-18
crush,73.73706321694725,8.924728661126297e-18
depression or,73.55515575003776,9.786297614797628e-18
dad,73.51085752242483,1.0008411069962139e-17
your depression,73.40035229945897,1.0584719853783303e-17
my job,73.37890595014571,1.0700355772300495e-17
be with,73.31707379047097,1.1040869418218503e-17
depression has,73.2400489390088,1.1480251794709933e-17
19f,73.10264998339952,1.2307915852580844e-17
meeting,73.09694849029225,1.2343521674065857e-17
talk or,72.99000004277616,1.303084031368196e-17
to me,72.86320814917013,1.3895454679332646e-17
end,72.41767165707367,1.741475118663119e-17
friends on,72.38675218358006,1.768974956207358e-17
mood,72.29017322976365,1.85770153176842e-17
get help,72.26273976178429,1.8837068838976875e-17
and alone,72.14240118710688,2.0021519552779552e-17
clean,72.02473394900433,2.1251686579528254e-17
friends so,71.95757198604473,2.1987443959532743e-17
romantically,71.91194101465939,2.2501814604231438e-17
married,71.69315239290451,2.5140348340805722e-17
depressed and,71.62443270832908,2.603133122249285e-17
22m,71.53742561068304,2.7204876995617292e-17
prescribed,71.34081392777986,3.0055392748843115e-17
my body,71.27609190809821,3.1057645610827816e-17
to share,71.2465460797296,3.1526226491699795e-17
many friends,71.22327584632545,3.190025310695885e-17
