Model,Sample_ID,Test_Index,Token_Index,Token_ID,Raw_Token,Token,Is_Special_Token,Emotion,SHAP_Value,Abs_SHAP,Base_Value,Model_Probability,Threshold,True_Label,Predicted_Label,SHAP_Max_Evals,XAI_Inference
BERT,htnofh,364,0,101,[CLS],,True,anger,-0.0018863927107304335,0.0018863927107304335,0.46358174085617065,0.03136309236288071,0.38,0,0,600,FP32-token-IDs
BERT,htnofh,364,0,101,[CLS],,True,brain dysfunction (forget),0.0001063784584403038,0.0001063784584403038,0.3059207499027252,0.279805451631546,0.38,0,0,600,FP32-token-IDs
BERT,htnofh,364,0,101,[CLS],,True,emptiness,-9.230617433786392e-05,9.230617433786392e-05,0.2184448391199112,0.22261863946914673,0.38,0,0,600,FP32-token-IDs
BERT,htnofh,364,0,101,[CLS],,True,hopelessness,-4.357658326625824e-05,4.357658326625824e-05,0.5326933860778809,0.8246484994888306,0.38,0,1,600,FP32-token-IDs
BERT,htnofh,364,0,101,[CLS],,True,loneliness,-0.000826861709356308,0.000826861709356308,0.27480950951576233,0.08169349282979965,0.38,0,0,600,FP32-token-IDs
BERT,htnofh,364,0,101,[CLS],,True,sadness,0.00026048440486192703,0.00026048440486192703,0.4654010534286499,0.5786413550376892,0.38,1,1,600,FP32-token-IDs
BERT,htnofh,364,0,101,[CLS],,True,suicide intent,-0.001203449908643961,0.001203449908643961,0.26389747858047485,0.041459448635578156,0.38,0,0,600,FP32-token-IDs
BERT,htnofh,364,0,101,[CLS],,True,worthlessness,-0.0004290454089641571,0.0004290454089641571,0.5625449419021606,0.8210527300834656,0.38,0,1,600,FP32-token-IDs
BERT,htnofh,364,1,2079,do,do,False,anger,-0.01789401122368872,0.01789401122368872,0.46358174085617065,0.03136309236288071,0.38,0,0,600,FP32-token-IDs
BERT,htnofh,364,1,2079,do,do,False,brain dysfunction (forget),0.009030770510435104,0.009030770510435104,0.3059207499027252,0.279805451631546,0.38,0,0,600,FP32-token-IDs
BERT,htnofh,364,1,2079,do,do,False,emptiness,0.00624883035197854,0.00624883035197854,0.2184448391199112,0.22261863946914673,0.38,0,0,600,FP32-token-IDs
BERT,htnofh,364,1,2079,do,do,False,hopelessness,0.01967686600983143,0.01967686600983143,0.5326933860778809,0.8246484994888306,0.38,0,1,600,FP32-token-IDs
BERT,htnofh,364,1,2079,do,do,False,loneliness,-0.00614539161324501,0.00614539161324501,0.27480950951576233,0.08169349282979965,0.38,0,0,600,FP32-token-IDs
BERT,htnofh,364,1,2079,do,do,False,sadness,-0.0005083316937088966,0.0005083316937088966,0.4654010534286499,0.5786413550376892,0.38,1,1,600,FP32-token-IDs
BERT,htnofh,364,1,2079,do,do,False,suicide intent,-0.015225940849632025,0.015225940849632025,0.26389747858047485,0.041459448635578156,0.38,0,0,600,FP32-token-IDs
BERT,htnofh,364,1,2079,do,do,False,worthlessness,0.01813356764614582,0.01813356764614582,0.5625449419021606,0.8210527300834656,0.38,0,1,600,FP32-token-IDs
BERT,htnofh,364,2,2017,you,you,False,anger,-0.00029437453486025333,0.00029437453486025333,0.46358174085617065,0.03136309236288071,0.38,0,0,600,FP32-token-IDs
BERT,htnofh,364,2,2017,you,you,False,brain dysfunction (forget),0.03172818664461374,0.03172818664461374,0.3059207499027252,0.279805451631546,0.38,0,0,600,FP32-token-IDs
BERT,htnofh,364,2,2017,you,you,False,emptiness,-0.0012535152491182089,0.0012535152491182089,0.2184448391199112,0.22261863946914673,0.38,0,0,600,FP32-token-IDs
BERT,htnofh,364,2,2017,you,you,False,hopelessness,-0.0435376912355423,0.0435376912355423,0.5326933860778809,0.8246484994888306,0.38,0,1,600,FP32-token-IDs
BERT,htnofh,364,2,2017,you,you,False,loneliness,-0.012923853821121156,0.012923853821121156,0.27480950951576233,0.08169349282979965,0.38,0,0,600,FP32-token-IDs
BERT,htnofh,364,2,2017,you,you,False,sadness,-0.023941858671605587,0.023941858671605587,0.4654010534286499,0.5786413550376892,0.38,1,1,600,FP32-token-IDs
BERT,htnofh,364,2,2017,you,you,False,suicide intent,0.017980488599278033,0.017980488599278033,0.26389747858047485,0.041459448635578156,0.38,0,0,600,FP32-token-IDs
BERT,htnofh,364,2,2017,you,you,False,worthlessness,-0.025033812038600445,0.025033812038600445,0.5625449419021606,0.8210527300834656,0.38,0,1,600,FP32-token-IDs
BERT,htnofh,364,3,2412,ever,ever,False,anger,-0.03772166068665683,0.03772166068665683,0.46358174085617065,0.03136309236288071,0.38,0,0,600,FP32-token-IDs
BERT,htnofh,364,3,2412,ever,ever,False,brain dysfunction (forget),-0.005622979253530502,0.005622979253530502,0.3059207499027252,0.279805451631546,0.38,0,0,600,FP32-token-IDs
BERT,htnofh,364,3,2412,ever,ever,False,emptiness,0.014570486964657903,0.014570486964657903,0.2184448391199112,0.22261863946914673,0.38,0,0,600,FP32-token-IDs
BERT,htnofh,364,3,2412,ever,ever,False,hopelessness,0.019807737320661545,0.019807737320661545,0.5326933860778809,0.8246484994888306,0.38,0,1,600,FP32-token-IDs
BERT,htnofh,364,3,2412,ever,ever,False,loneliness,0.013261388405226171,0.013261388405226171,0.27480950951576233,0.08169349282979965,0.38,0,0,600,FP32-token-IDs
BERT,htnofh,364,3,2412,ever,ever,False,sadness,0.0052797989919781685,0.0052797989919781685,0.4654010534286499,0.5786413550376892,0.38,1,1,600,FP32-token-IDs
BERT,htnofh,364,3,2412,ever,ever,False,suicide intent,-0.02283429226372391,0.02283429226372391,0.26389747858047485,0.041459448635578156,0.38,0,0,600,FP32-token-IDs
BERT,htnofh,364,3,2412,ever,ever,False,worthlessness,0.008274921216070652,0.008274921216070652,0.5625449419021606,0.8210527300834656,0.38,0,1,600,FP32-token-IDs
BERT,htnofh,364,4,2514,feel,feel,False,anger,-0.0495503869606182,0.0495503869606182,0.46358174085617065,0.03136309236288071,0.38,0,0,600,FP32-token-IDs
BERT,htnofh,364,4,2514,feel,feel,False,brain dysfunction (forget),-0.00701587088406086,0.00701587088406086,0.3059207499027252,0.279805451631546,0.38,0,0,600,FP32-token-IDs
BERT,htnofh,364,4,2514,feel,feel,False,emptiness,0.006785908481106162,0.006785908481106162,0.2184448391199112,0.22261863946914673,0.38,0,0,600,FP32-token-IDs
BERT,htnofh,364,4,2514,feel,feel,False,hopelessness,0.0007218783721327782,0.0007218783721327782,0.5326933860778809,0.8246484994888306,0.38,0,1,600,FP32-token-IDs
BERT,htnofh,364,4,2514,feel,feel,False,loneliness,0.007159352768212557,0.007159352768212557,0.27480950951576233,0.08169349282979965,0.38,0,0,600,FP32-token-IDs
BERT,htnofh,364,4,2514,feel,feel,False,sadness,0.011751994024962187,0.011751994024962187,0.4654010534286499,0.5786413550376892,0.38,1,1,600,FP32-token-IDs
BERT,htnofh,364,4,2514,feel,feel,False,suicide intent,-0.0283445279346779,0.0283445279346779,0.26389747858047485,0.041459448635578156,0.38,0,0,600,FP32-token-IDs
BERT,htnofh,364,4,2514,feel,feel,False,worthlessness,-0.014944558031857014,0.014944558031857014,0.5625449419021606,0.8210527300834656,0.38,0,1,600,FP32-token-IDs
BERT,htnofh,364,5,2066,like,like,False,anger,-0.008658044855110347,0.008658044855110347,0.46358174085617065,0.03136309236288071,0.38,0,0,600,FP32-token-IDs
BERT,htnofh,364,5,2066,like,like,False,brain dysfunction (forget),0.0005074385553598404,0.0005074385553598404,0.3059207499027252,0.279805451631546,0.38,0,0,600,FP32-token-IDs
BERT,htnofh,364,5,2066,like,like,False,emptiness,0.00916748191229999,0.00916748191229999,0.2184448391199112,0.22261863946914673,0.38,0,0,600,FP32-token-IDs
BERT,htnofh,364,5,2066,like,like,False,hopelessness,0.027940494008362293,0.027940494008362293,0.5326933860778809,0.8246484994888306,0.38,0,1,600,FP32-token-IDs
BERT,htnofh,364,5,2066,like,like,False,loneliness,0.007264174986630678,0.007264174986630678,0.27480950951576233,0.08169349282979965,0.38,0,0,600,FP32-token-IDs
BERT,htnofh,364,5,2066,like,like,False,sadness,0.013888658490031958,0.013888658490031958,0.4654010534286499,0.5786413550376892,0.38,1,1,600,FP32-token-IDs
BERT,htnofh,364,5,2066,like,like,False,suicide intent,-0.005871187779121101,0.005871187779121101,0.26389747858047485,0.041459448635578156,0.38,0,0,600,FP32-token-IDs
BERT,htnofh,364,5,2066,like,like,False,worthlessness,0.02234331239014864,0.02234331239014864,0.5625449419021606,0.8210527300834656,0.38,0,1,600,FP32-token-IDs
BERT,htnofh,364,6,1996,the,the,False,anger,0.002715379581786692,0.002715379581786692,0.46358174085617065,0.03136309236288071,0.38,0,0,600,FP32-token-IDs
BERT,htnofh,364,6,1996,the,the,False,brain dysfunction (forget),0.005891266744583845,0.005891266744583845,0.3059207499027252,0.279805451631546,0.38,0,0,600,FP32-token-IDs
BERT,htnofh,364,6,1996,the,the,False,emptiness,-0.007570311659947038,0.007570311659947038,0.2184448391199112,0.22261863946914673,0.38,0,0,600,FP32-token-IDs
BERT,htnofh,364,6,1996,the,the,False,hopelessness,0.012733852490782738,0.012733852490782738,0.5326933860778809,0.8246484994888306,0.38,0,1,600,FP32-token-IDs
BERT,htnofh,364,6,1996,the,the,False,loneliness,-0.020488203037530184,0.020488203037530184,0.27480950951576233,0.08169349282979965,0.38,0,0,600,FP32-token-IDs
BERT,htnofh,364,6,1996,the,the,False,sadness,0.007370335515588522,0.007370335515588522,0.4654010534286499,0.5786413550376892,0.38,1,1,600,FP32-token-IDs
BERT,htnofh,364,6,1996,the,the,False,suicide intent,-0.0021481994772329926,0.0021481994772329926,0.26389747858047485,0.041459448635578156,0.38,0,0,600,FP32-token-IDs
BERT,htnofh,364,6,1996,the,the,False,worthlessness,0.027018241584300995,0.027018241584300995,0.5625449419021606,0.8210527300834656,0.38,0,1,600,FP32-token-IDs
BERT,htnofh,364,7,2062,more,more,False,anger,0.009635356371290982,0.009635356371290982,0.46358174085617065,0.03136309236288071,0.38,0,0,600,FP32-token-IDs
BERT,htnofh,364,7,2062,more,more,False,brain dysfunction (forget),0.006788522470742464,0.006788522470742464,0.3059207499027252,0.279805451631546,0.38,0,0,600,FP32-token-IDs
BERT,htnofh,364,7,2062,more,more,False,emptiness,0.0004034086596220732,0.0004034086596220732,0.2184448391199112,0.22261863946914673,0.38,0,0,600,FP32-token-IDs
BERT,htnofh,364,7,2062,more,more,False,hopelessness,0.008528245612978935,0.008528245612978935,0.5326933860778809,0.8246484994888306,0.38,0,1,600,FP32-token-IDs
BERT,htnofh,364,7,2062,more,more,False,loneliness,-0.005684948991984129,0.005684948991984129,0.27480950951576233,0.08169349282979965,0.38,0,0,600,FP32-token-IDs
BERT,htnofh,364,7,2062,more,more,False,sadness,-0.018457573372870684,0.018457573372870684,0.4654010534286499,0.5786413550376892,0.38,1,1,600,FP32-token-IDs
BERT,htnofh,364,7,2062,more,more,False,suicide intent,-0.00667274312581867,0.00667274312581867,0.26389747858047485,0.041459448635578156,0.38,0,0,600,FP32-token-IDs
BERT,htnofh,364,7,2062,more,more,False,worthlessness,0.024915408343076706,0.024915408343076706,0.5625449419021606,0.8210527300834656,0.38,0,1,600,FP32-token-IDs
BERT,htnofh,364,8,2017,you,you,False,anger,-0.017125751241110265,0.017125751241110265,0.46358174085617065,0.03136309236288071,0.38,0,0,600,FP32-token-IDs
BERT,htnofh,364,8,2017,you,you,False,brain dysfunction (forget),0.008982823695987463,0.008982823695987463,0.3059207499027252,0.279805451631546,0.38,0,0,600,FP32-token-IDs
BERT,htnofh,364,8,2017,you,you,False,emptiness,0.0011548048350960016,0.0011548048350960016,0.2184448391199112,0.22261863946914673,0.38,0,0,600,FP32-token-IDs
BERT,htnofh,364,8,2017,you,you,False,hopelessness,-0.015385749749839306,0.015385749749839306,0.5326933860778809,0.8246484994888306,0.38,0,1,600,FP32-token-IDs
BERT,htnofh,364,8,2017,you,you,False,loneliness,-0.001382102956995368,0.001382102956995368,0.27480950951576233,0.08169349282979965,0.38,0,0,600,FP32-token-IDs
BERT,htnofh,364,8,2017,you,you,False,sadness,-0.010232534259557724,0.010232534259557724,0.4654010534286499,0.5786413550376892,0.38,1,1,600,FP32-token-IDs
BERT,htnofh,364,8,2017,you,you,False,suicide intent,-0.00546818133443594,0.00546818133443594,0.26389747858047485,0.041459448635578156,0.38,0,0,600,FP32-token-IDs
BERT,htnofh,364,8,2017,you,you,False,worthlessness,-0.016909864731132984,0.016909864731132984,0.5625449419021606,0.8210527300834656,0.38,0,1,600,FP32-token-IDs
BERT,htnofh,364,9,4553,learn,learn,False,anger,-0.006850130739621818,0.006850130739621818,0.46358174085617065,0.03136309236288071,0.38,0,0,600,FP32-token-IDs
BERT,htnofh,364,9,4553,learn,learn,False,brain dysfunction (forget),0.0098201516084373,0.0098201516084373,0.3059207499027252,0.279805451631546,0.38,0,0,600,FP32-token-IDs
BERT,htnofh,364,9,4553,learn,learn,False,emptiness,-0.010024374118074775,0.010024374118074775,0.2184448391199112,0.22261863946914673,0.38,0,0,600,FP32-token-IDs
BERT,htnofh,364,9,4553,learn,learn,False,hopelessness,-0.024984129704535007,0.024984129704535007,0.5326933860778809,0.8246484994888306,0.38,0,1,600,FP32-token-IDs
BERT,htnofh,364,9,4553,learn,learn,False,loneliness,-0.0165594604332,0.0165594604332,0.27480950951576233,0.08169349282979965,0.38,0,0,600,FP32-token-IDs
BERT,htnofh,364,9,4553,learn,learn,False,sadness,-0.03205546084791422,0.03205546084791422,0.4654010534286499,0.5786413550376892,0.38,1,1,600,FP32-token-IDs
BERT,htnofh,364,9,4553,learn,learn,False,suicide intent,-0.003969708224758506,0.003969708224758506,0.26389747858047485,0.041459448635578156,0.38,0,0,600,FP32-token-IDs
BERT,htnofh,364,9,4553,learn,learn,False,worthlessness,-0.0062712980434298515,0.0062712980434298515,0.5625449419021606,0.8210527300834656,0.38,0,1,600,FP32-token-IDs
BERT,htnofh,364,10,1996,the,the,False,anger,0.0014651825185865164,0.0014651825185865164,0.46358174085617065,0.03136309236288071,0.38,0,0,600,FP32-token-IDs
BERT,htnofh,364,10,1996,the,the,False,brain dysfunction (forget),0.012496619019657373,0.012496619019657373,0.3059207499027252,0.279805451631546,0.38,0,0,600,FP32-token-IDs
BERT,htnofh,364,10,1996,the,the,False,emptiness,0.004315716214478016,0.004315716214478016,0.2184448391199112,0.22261863946914673,0.38,0,0,600,FP32-token-IDs
BERT,htnofh,364,10,1996,the,the,False,hopelessness,0.0012155361473560333,0.0012155361473560333,0.5326933860778809,0.8246484994888306,0.38,0,1,600,FP32-token-IDs
BERT,htnofh,364,10,1996,the,the,False,loneliness,-0.003659750334918499,0.003659750334918499,0.27480950951576233,0.08169349282979965,0.38,0,0,600,FP32-token-IDs
BERT,htnofh,364,10,1996,the,the,False,sadness,-0.004107614513486624,0.004107614513486624,0.4654010534286499,0.5786413550376892,0.38,1,1,600,FP32-token-IDs
BERT,htnofh,364,10,1996,the,the,False,suicide intent,0.004362557316198945,0.004362557316198945,0.26389747858047485,0.041459448635578156,0.38,0,0,600,FP32-token-IDs
BERT,htnofh,364,10,1996,the,the,False,worthlessness,0.013951543718576431,0.013951543718576431,0.5625449419021606,0.8210527300834656,0.38,0,1,600,FP32-token-IDs
BERT,htnofh,364,11,2062,more,more,False,anger,0.0009519108571112156,0.0009519108571112156,0.46358174085617065,0.03136309236288071,0.38,0,0,600,FP32-token-IDs
BERT,htnofh,364,11,2062,more,more,False,brain dysfunction (forget),0.015532646793872118,0.015532646793872118,0.3059207499027252,0.279805451631546,0.38,0,0,600,FP32-token-IDs
BERT,htnofh,364,11,2062,more,more,False,emptiness,0.018665655981749296,0.018665655981749296,0.2184448391199112,0.22261863946914673,0.38,0,0,600,FP32-token-IDs
BERT,htnofh,364,11,2062,more,more,False,hopelessness,0.030453383922576904,0.030453383922576904,0.5326933860778809,0.8246484994888306,0.38,0,1,600,FP32-token-IDs
BERT,htnofh,364,11,2062,more,more,False,loneliness,0.003965958021581173,0.003965958021581173,0.27480950951576233,0.08169349282979965,0.38,0,0,600,FP32-token-IDs
BERT,htnofh,364,11,2062,more,more,False,sadness,0.002930023241788149,0.002930023241788149,0.4654010534286499,0.5786413550376892,0.38,1,1,600,FP32-token-IDs
BERT,htnofh,364,11,2062,more,more,False,suicide intent,-0.0015648645348846912,0.0015648645348846912,0.26389747858047485,0.041459448635578156,0.38,0,0,600,FP32-token-IDs
BERT,htnofh,364,11,2062,more,more,False,worthlessness,0.039925046265125275,0.039925046265125275,0.5625449419021606,0.8210527300834656,0.38,0,1,600,FP32-token-IDs
BERT,htnofh,364,12,2139,de,de,False,anger,-0.00038529414450749755,0.00038529414450749755,0.46358174085617065,0.03136309236288071,0.38,0,0,600,FP32-token-IDs
BERT,htnofh,364,12,2139,de,de,False,brain dysfunction (forget),0.010628237389028072,0.010628237389028072,0.3059207499027252,0.279805451631546,0.38,0,0,600,FP32-token-IDs
BERT,htnofh,364,12,2139,de,de,False,emptiness,0.010933396988548338,0.010933396988548338,0.2184448391199112,0.22261863946914673,0.38,0,0,600,FP32-token-IDs
BERT,htnofh,364,12,2139,de,de,False,hopelessness,0.019506721757352352,0.019506721757352352,0.5326933860778809,0.8246484994888306,0.38,0,1,600,FP32-token-IDs
BERT,htnofh,364,12,2139,de,de,False,loneliness,0.00016717694234102964,0.00016717694234102964,0.27480950951576233,0.08169349282979965,0.38,0,0,600,FP32-token-IDs
BERT,htnofh,364,12,2139,de,de,False,sadness,0.019546409836038947,0.019546409836038947,0.4654010534286499,0.5786413550376892,0.38,1,1,600,FP32-token-IDs
BERT,htnofh,364,12,2139,de,de,False,suicide intent,0.015519998734816909,0.015519998734816909,0.26389747858047485,0.041459448635578156,0.38,0,0,600,FP32-token-IDs
BERT,htnofh,364,12,2139,de,de,False,worthlessness,0.03270528232678771,0.03270528232678771,0.5625449419021606,0.8210527300834656,0.38,0,1,600,FP32-token-IDs
BERT,htnofh,364,13,24128,##pressing,pressing,False,anger,-0.03598966164281592,0.03598966164281592,0.46358174085617065,0.03136309236288071,0.38,0,0,600,FP32-token-IDs
BERT,htnofh,364,13,24128,##pressing,pressing,False,brain dysfunction (forget),-0.08470066776499152,0.08470066776499152,0.3059207499027252,0.279805451631546,0.38,0,0,600,FP32-token-IDs
BERT,htnofh,364,13,24128,##pressing,pressing,False,emptiness,-0.005291223409585655,0.005291223409585655,0.2184448391199112,0.22261863946914673,0.38,0,0,600,FP32-token-IDs
BERT,htnofh,364,13,24128,##pressing,pressing,False,hopelessness,0.1267839139327407,0.1267839139327407,0.5326933860778809,0.8246484994888306,0.38,0,1,600,FP32-token-IDs
BERT,htnofh,364,13,24128,##pressing,pressing,False,loneliness,-0.023406949709169567,0.023406949709169567,0.27480950951576233,0.08169349282979965,0.38,0,0,600,FP32-token-IDs
BERT,htnofh,364,13,24128,##pressing,pressing,False,sadness,0.24317093403078616,0.24317093403078616,0.4654010534286499,0.5786413550376892,0.38,1,1,600,FP32-token-IDs
BERT,htnofh,364,13,24128,##pressing,pressing,False,suicide intent,-0.028403232106938958,0.028403232106938958,0.26389747858047485,0.041459448635578156,0.38,0,0,600,FP32-token-IDs
BERT,htnofh,364,13,24128,##pressing,pressing,False,worthlessness,0.0842212955467403,0.0842212955467403,0.5625449419021606,0.8210527300834656,0.38,0,1,600,FP32-token-IDs
BERT,htnofh,364,14,1996,the,the,False,anger,-0.00401126520591788,0.00401126520591788,0.46358174085617065,0.03136309236288071,0.38,0,0,600,FP32-token-IDs
BERT,htnofh,364,14,1996,the,the,False,brain dysfunction (forget),-0.004234399918156365,0.004234399918156365,0.3059207499027252,0.279805451631546,0.38,0,0,600,FP32-token-IDs
BERT,htnofh,364,14,1996,the,the,False,emptiness,-0.005090680962894112,0.005090680962894112,0.2184448391199112,0.22261863946914673,0.38,0,0,600,FP32-token-IDs
BERT,htnofh,364,14,1996,the,the,False,hopelessness,0.006136045868818958,0.006136045868818958,0.5326933860778809,0.8246484994888306,0.38,0,1,600,FP32-token-IDs
BERT,htnofh,364,14,1996,the,the,False,loneliness,-0.0040490768539408846,0.0040490768539408846,0.27480950951576233,0.08169349282979965,0.38,0,0,600,FP32-token-IDs
BERT,htnofh,364,14,1996,the,the,False,sadness,0.003453318689328929,0.003453318689328929,0.4654010534286499,0.5786413550376892,0.38,1,1,600,FP32-token-IDs
BERT,htnofh,364,14,1996,the,the,False,suicide intent,-0.001571025476247693,0.001571025476247693,0.26389747858047485,0.041459448635578156,0.38,0,0,600,FP32-token-IDs
BERT,htnofh,364,14,1996,the,the,False,worthlessness,0.0037206721802552543,0.0037206721802552543,0.5625449419021606,0.8210527300834656,0.38,0,1,600,FP32-token-IDs
BERT,htnofh,364,15,2088,world,world,False,anger,-0.005641151190502569,0.005641151190502569,0.46358174085617065,0.03136309236288071,0.38,0,0,600,FP32-token-IDs
BERT,htnofh,364,15,2088,world,world,False,brain dysfunction (forget),-0.006612949344950417,0.006612949344950417,0.3059207499027252,0.279805451631546,0.38,0,0,600,FP32-token-IDs
BERT,htnofh,364,15,2088,world,world,False,emptiness,-0.002725618949625641,0.002725618949625641,0.2184448391199112,0.22261863946914673,0.38,0,0,600,FP32-token-IDs
BERT,htnofh,364,15,2088,world,world,False,hopelessness,0.013491642739002902,0.013491642739002902,0.5326933860778809,0.8246484994888306,0.38,0,1,600,FP32-token-IDs
BERT,htnofh,364,15,2088,world,world,False,loneliness,-0.003136609254094462,0.003136609254094462,0.27480950951576233,0.08169349282979965,0.38,0,0,600,FP32-token-IDs
BERT,htnofh,364,15,2088,world,world,False,sadness,0.0058173129412656035,0.0058173129412656035,0.4654010534286499,0.5786413550376892,0.38,1,1,600,FP32-token-IDs
BERT,htnofh,364,15,2088,world,world,False,suicide intent,-0.0031880800476452955,0.0031880800476452955,0.26389747858047485,0.041459448635578156,0.38,0,0,600,FP32-token-IDs
BERT,htnofh,364,15,2088,world,world,False,worthlessness,0.008400253796329102,0.008400253796329102,0.5625449419021606,0.8210527300834656,0.38,0,1,600,FP32-token-IDs
BERT,htnofh,364,16,2003,is,is,False,anger,0.004328067938331515,0.004328067938331515,0.46358174085617065,0.03136309236288071,0.38,0,0,600,FP32-token-IDs
BERT,htnofh,364,16,2003,is,is,False,brain dysfunction (forget),-0.001168608587856094,0.001168608587856094,0.3059207499027252,0.279805451631546,0.38,0,0,600,FP32-token-IDs
BERT,htnofh,364,16,2003,is,is,False,emptiness,-0.00894578651059419,0.00894578651059419,0.2184448391199112,0.22261863946914673,0.38,0,0,600,FP32-token-IDs
BERT,htnofh,364,16,2003,is,is,False,hopelessness,0.0008374041256805261,0.0008374041256805261,0.5326933860778809,0.8246484994888306,0.38,0,1,600,FP32-token-IDs
BERT,htnofh,364,16,2003,is,is,False,loneliness,-0.012204090404945115,0.012204090404945115,0.27480950951576233,0.08169349282979965,0.38,0,0,600,FP32-token-IDs
BERT,htnofh,364,16,2003,is,is,False,sadness,0.0020928066999961934,0.0020928066999961934,0.4654010534286499,0.5786413550376892,0.38,1,1,600,FP32-token-IDs
BERT,htnofh,364,16,2003,is,is,False,suicide intent,0.00032699866763626534,0.00032699866763626534,0.26389747858047485,0.041459448635578156,0.38,0,0,600,FP32-token-IDs
BERT,htnofh,364,16,2003,is,is,False,worthlessness,0.006959799521913131,0.006959799521913131,0.5625449419021606,0.8210527300834656,0.38,0,1,600,FP32-token-IDs
BERT,htnofh,364,17,1029,?,?,False,anger,0.08605381101369858,0.08605381101369858,0.46358174085617065,0.03136309236288071,0.38,0,0,600,FP32-token-IDs
BERT,htnofh,364,17,1029,?,?,False,brain dysfunction (forget),0.017849798314273357,0.017849798314273357,0.3059207499027252,0.279805451631546,0.38,0,0,600,FP32-token-IDs
BERT,htnofh,364,17,1029,?,?,False,emptiness,0.020217858720570803,0.020217858720570803,0.2184448391199112,0.22261863946914673,0.38,0,0,600,FP32-token-IDs
BERT,htnofh,364,17,1029,?,?,False,hopelessness,0.006918668746948242,0.006918668746948242,0.5326933860778809,0.8246484994888306,0.38,0,1,600,FP32-token-IDs
BERT,htnofh,364,17,1029,?,?,False,loneliness,0.008433769457042217,0.008433769457042217,0.27480950951576233,0.08169349282979965,0.38,0,0,600,FP32-token-IDs
BERT,htnofh,364,17,1029,?,?,False,sadness,-0.0070410603657364845,0.0070410603657364845,0.4654010534286499,0.5786413550376892,0.38,1,1,600,FP32-token-IDs
BERT,htnofh,364,17,1029,?,?,False,suicide intent,0.0083721112459898,0.0083721112459898,0.26389747858047485,0.041459448635578156,0.38,0,0,600,FP32-token-IDs
BERT,htnofh,364,17,1029,?,?,False,worthlessness,0.0350297037512064,0.0350297037512064,0.5625449419021606,0.8210527300834656,0.38,0,1,600,FP32-token-IDs
BERT,htnofh,364,18,1001,#,#,False,anger,-0.02342542924452573,0.02342542924452573,0.46358174085617065,0.03136309236288071,0.38,0,0,600,FP32-token-IDs
BERT,htnofh,364,18,1001,#,#,False,brain dysfunction (forget),-0.04722083546221256,0.04722083546221256,0.3059207499027252,0.279805451631546,0.38,0,0,600,FP32-token-IDs
BERT,htnofh,364,18,1001,#,#,False,emptiness,-0.04094133619219065,0.04094133619219065,0.2184448391199112,0.22261863946914673,0.38,0,0,600,FP32-token-IDs
BERT,htnofh,364,18,1001,#,#,False,hopelessness,-0.04488849826157093,0.04488849826157093,0.5326933860778809,0.8246484994888306,0.38,0,1,600,FP32-token-IDs
BERT,htnofh,364,18,1001,#,#,False,loneliness,0.0006947852671146393,0.0006947852671146393,0.27480950951576233,0.08169349282979965,0.38,0,0,600,FP32-token-IDs
BERT,htnofh,364,18,1001,#,#,False,sadness,0.009379973635077477,0.009379973635077477,0.4654010534286499,0.5786413550376892,0.38,1,1,600,FP32-token-IDs
BERT,htnofh,364,18,1001,#,#,False,suicide intent,-0.026460489607416093,0.026460489607416093,0.26389747858047485,0.041459448635578156,0.38,0,0,600,FP32-token-IDs
BERT,htnofh,364,18,1001,#,#,False,worthlessness,-0.09490271145477891,0.09490271145477891,0.5625449419021606,0.8210527300834656,0.38,0,1,600,FP32-token-IDs
BERT,htnofh,364,19,1001,#,#,False,anger,-0.02869753714185208,0.02869753714185208,0.46358174085617065,0.03136309236288071,0.38,0,0,600,FP32-token-IDs
BERT,htnofh,364,19,1001,#,#,False,brain dysfunction (forget),-0.05049731116741896,0.05049731116741896,0.3059207499027252,0.279805451631546,0.38,0,0,600,FP32-token-IDs
BERT,htnofh,364,19,1001,#,#,False,emptiness,-0.05055088456720114,0.05055088456720114,0.2184448391199112,0.22261863946914673,0.38,0,0,600,FP32-token-IDs
BERT,htnofh,364,19,1001,#,#,False,hopelessness,-0.039745284244418144,0.039745284244418144,0.5326933860778809,0.8246484994888306,0.38,0,1,600,FP32-token-IDs
BERT,htnofh,364,19,1001,#,#,False,loneliness,-0.005941595882177353,0.005941595882177353,0.27480950951576233,0.08169349282979965,0.38,0,0,600,FP32-token-IDs
BERT,htnofh,364,19,1001,#,#,False,sadness,0.013164425268769264,0.013164425268769264,0.4654010534286499,0.5786413550376892,0.38,1,1,600,FP32-token-IDs
BERT,htnofh,364,19,1001,#,#,False,suicide intent,-0.02841957693453878,0.02841957693453878,0.26389747858047485,0.041459448635578156,0.38,0,0,600,FP32-token-IDs
BERT,htnofh,364,19,1001,#,#,False,worthlessness,-0.09181209886446595,0.09181209886446595,0.5625449419021606,0.8210527300834656,0.38,0,1,600,FP32-token-IDs
BERT,htnofh,364,20,1001,#,#,False,anger,-0.017115479335188866,0.017115479335188866,0.46358174085617065,0.03136309236288071,0.38,0,0,600,FP32-token-IDs
BERT,htnofh,364,20,1001,#,#,False,brain dysfunction (forget),-0.053140510339289904,0.053140510339289904,0.3059207499027252,0.279805451631546,0.38,0,0,600,FP32-token-IDs
BERT,htnofh,364,20,1001,#,#,False,emptiness,-0.05603217100724578,0.05603217100724578,0.2184448391199112,0.22261863946914673,0.38,0,0,600,FP32-token-IDs
BERT,htnofh,364,20,1001,#,#,False,hopelessness,-0.0012626200914382935,0.0012626200914382935,0.5326933860778809,0.8246484994888306,0.38,0,1,600,FP32-token-IDs
BERT,htnofh,364,20,1001,#,#,False,loneliness,-0.024860656820237637,0.024860656820237637,0.27480950951576233,0.08169349282979965,0.38,0,0,600,FP32-token-IDs
BERT,htnofh,364,20,1001,#,#,False,sadness,0.02186889387667179,0.02186889387667179,0.4654010534286499,0.5786413550376892,0.38,1,1,600,FP32-token-IDs
BERT,htnofh,364,20,1001,#,#,False,suicide intent,-0.04625661170575768,0.04625661170575768,0.26389747858047485,0.041459448635578156,0.38,0,0,600,FP32-token-IDs
BERT,htnofh,364,20,1001,#,#,False,worthlessness,-0.057012510718777776,0.057012510718777776,0.5625449419021606,0.8210527300834656,0.38,0,1,600,FP32-token-IDs
BERT,htnofh,364,21,18173,ignorance,ignorance,False,anger,0.04489184636622667,0.04489184636622667,0.46358174085617065,0.03136309236288071,0.38,0,0,600,FP32-token-IDs
BERT,htnofh,364,21,18173,ignorance,ignorance,False,brain dysfunction (forget),0.14054191624745727,0.14054191624745727,0.3059207499027252,0.279805451631546,0.38,0,0,600,FP32-token-IDs
BERT,htnofh,364,21,18173,ignorance,ignorance,False,emptiness,0.03969853511080146,0.03969853511080146,0.2184448391199112,0.22261863946914673,0.38,0,0,600,FP32-token-IDs
BERT,htnofh,364,21,18173,ignorance,ignorance,False,hopelessness,0.15936769545078278,0.15936769545078278,0.5326933860778809,0.8246484994888306,0.38,0,1,600,FP32-token-IDs
BERT,htnofh,364,21,18173,ignorance,ignorance,False,loneliness,-0.17564950231462717,0.17564950231462717,0.27480950951576233,0.08169349282979965,0.38,0,0,600,FP32-token-IDs
BERT,htnofh,364,21,18173,ignorance,ignorance,False,sadness,-0.10212982632219791,0.10212982632219791,0.4654010534286499,0.5786413550376892,0.38,1,1,600,FP32-token-IDs
BERT,htnofh,364,21,18173,ignorance,ignorance,False,suicide intent,0.01328579883556813,0.01328579883556813,0.26389747858047485,0.041459448635578156,0.38,0,0,600,FP32-token-IDs
BERT,htnofh,364,21,18173,ignorance,ignorance,False,worthlessness,0.3445524594280869,0.3445524594280869,0.5625449419021606,0.8210527300834656,0.38,0,1,600,FP32-token-IDs
BERT,htnofh,364,22,5621,truly,truly,False,anger,-0.03687424154486507,0.03687424154486507,0.46358174085617065,0.03136309236288071,0.38,0,0,600,FP32-token-IDs
BERT,htnofh,364,22,5621,truly,truly,False,brain dysfunction (forget),-0.019031920935958624,0.019031920935958624,0.3059207499027252,0.279805451631546,0.38,0,0,600,FP32-token-IDs
BERT,htnofh,364,22,5621,truly,truly,False,emptiness,-0.026119909016415477,0.026119909016415477,0.2184448391199112,0.22261863946914673,0.38,0,0,600,FP32-token-IDs
BERT,htnofh,364,22,5621,truly,truly,False,hopelessness,0.011509260162711143,0.011509260162711143,0.5326933860778809,0.8246484994888306,0.38,0,1,600,FP32-token-IDs
BERT,htnofh,364,22,5621,truly,truly,False,loneliness,-0.026525399880483747,0.026525399880483747,0.27480950951576233,0.08169349282979965,0.38,0,0,600,FP32-token-IDs
BERT,htnofh,364,22,5621,truly,truly,False,sadness,0.010527786798775196,0.010527786798775196,0.4654010534286499,0.5786413550376892,0.38,1,1,600,FP32-token-IDs
BERT,htnofh,364,22,5621,truly,truly,False,suicide intent,-0.01654368481831625,0.01654368481831625,0.26389747858047485,0.041459448635578156,0.38,0,0,600,FP32-token-IDs
BERT,htnofh,364,22,5621,truly,truly,False,worthlessness,-0.006424974650144577,0.006424974650144577,0.5625449419021606,0.8210527300834656,0.38,0,1,600,FP32-token-IDs
BERT,htnofh,364,23,2003,is,is,False,anger,-0.04530328104738146,0.04530328104738146,0.46358174085617065,0.03136309236288071,0.38,0,0,600,FP32-token-IDs
BERT,htnofh,364,23,2003,is,is,False,brain dysfunction (forget),-0.01937262760475278,0.01937262760475278,0.3059207499027252,0.279805451631546,0.38,0,0,600,FP32-token-IDs
BERT,htnofh,364,23,2003,is,is,False,emptiness,-0.021769392071291804,0.021769392071291804,0.2184448391199112,0.22261863946914673,0.38,0,0,600,FP32-token-IDs
BERT,htnofh,364,23,2003,is,is,False,hopelessness,-0.0005330052226781845,0.0005330052226781845,0.5326933860778809,0.8246484994888306,0.38,0,1,600,FP32-token-IDs
BERT,htnofh,364,23,2003,is,is,False,loneliness,-0.0059812713880091906,0.0059812713880091906,0.27480950951576233,0.08169349282979965,0.38,0,0,600,FP32-token-IDs
BERT,htnofh,364,23,2003,is,is,False,sadness,0.0005346173420548439,0.0005346173420548439,0.4654010534286499,0.5786413550376892,0.38,1,1,600,FP32-token-IDs
BERT,htnofh,364,23,2003,is,is,False,suicide intent,-0.023738587799016386,0.023738587799016386,0.26389747858047485,0.041459448635578156,0.38,0,0,600,FP32-token-IDs
BERT,htnofh,364,23,2003,is,is,False,worthlessness,-0.02708600088953972,0.02708600088953972,0.5625449419021606,0.8210527300834656,0.38,0,1,600,FP32-token-IDs
BERT,htnofh,364,24,13670,bliss,bliss,False,anger,-0.22914117295295,0.22914117295295,0.46358174085617065,0.03136309236288071,0.38,0,0,600,FP32-token-IDs
BERT,htnofh,364,24,13670,bliss,bliss,False,brain dysfunction (forget),-0.013837616890668869,0.013837616890668869,0.3059207499027252,0.279805451631546,0.38,0,0,600,FP32-token-IDs
BERT,htnofh,364,24,13670,bliss,bliss,False,emptiness,0.08925361419096589,0.08925361419096589,0.2184448391199112,0.22261863946914673,0.38,0,0,600,FP32-token-IDs
BERT,htnofh,364,24,13670,bliss,bliss,False,hopelessness,-0.0035211890935897827,0.0035211890935897827,0.5326933860778809,0.8246484994888306,0.38,0,1,600,FP32-token-IDs
BERT,htnofh,364,24,13670,bliss,bliss,False,loneliness,0.10618188558146358,0.10618188558146358,0.27480950951576233,0.08169349282979965,0.38,0,0,600,FP32-token-IDs
BERT,htnofh,364,24,13670,bliss,bliss,False,sadness,-0.055712902918457985,0.055712902918457985,0.4654010534286499,0.5786413550376892,0.38,1,1,600,FP32-token-IDs
BERT,htnofh,364,24,13670,bliss,bliss,False,suicide intent,-0.030539981904439628,0.030539981904439628,0.26389747858047485,0.041459448635578156,0.38,0,0,600,FP32-token-IDs
BERT,htnofh,364,24,13670,bliss,bliss,False,worthlessness,-0.07686013728380203,0.07686013728380203,0.5625449419021606,0.8210527300834656,0.38,0,1,600,FP32-token-IDs
BERT,htnofh,364,25,1012,.,.,False,anger,-0.0156948734074831,0.0156948734074831,0.46358174085617065,0.03136309236288071,0.38,0,0,600,FP32-token-IDs
BERT,htnofh,364,25,1012,.,.,False,brain dysfunction (forget),0.01643616147339344,0.01643616147339344,0.3059207499027252,0.279805451631546,0.38,0,0,600,FP32-token-IDs
BERT,htnofh,364,25,1012,.,.,False,emptiness,0.019165600650012493,0.019165600650012493,0.2184448391199112,0.22261863946914673,0.38,0,0,600,FP32-token-IDs
BERT,htnofh,364,25,1012,.,.,False,hopelessness,0.0002276003360748291,0.0002276003360748291,0.5326933860778809,0.8246484994888306,0.38,0,1,600,FP32-token-IDs
BERT,htnofh,364,25,1012,.,.,False,loneliness,0.00918115396052599,0.00918115396052599,0.27480950951576233,0.08169349282979965,0.38,0,0,600,FP32-token-IDs
BERT,htnofh,364,25,1012,.,.,False,sadness,-0.0036100558936595917,0.0036100558936595917,0.4654010534286499,0.5786413550376892,0.38,1,1,600,FP32-token-IDs
BERT,htnofh,364,25,1012,.,.,False,suicide intent,0.016138338716700673,0.016138338716700673,0.26389747858047485,0.041459448635578156,0.38,0,0,600,FP32-token-IDs
BERT,htnofh,364,25,1012,.,.,False,worthlessness,0.006043471395969391,0.006043471395969391,0.5625449419021606,0.8210527300834656,0.38,0,1,600,FP32-token-IDs
BERT,htnofh,364,26,102,[SEP],,True,anger,-6.332993507385254e-08,6.332993507385254e-08,0.46358174085617065,0.03136309236288071,0.38,0,0,600,FP32-token-IDs
BERT,htnofh,364,26,102,[SEP],,True,brain dysfunction (forget),8.195638656616211e-08,8.195638656616211e-08,0.3059207499027252,0.279805451631546,0.38,0,0,600,FP32-token-IDs
BERT,htnofh,364,26,102,[SEP],,True,emptiness,1.1175870895385742e-08,1.1175870895385742e-08,0.2184448391199112,0.22261863946914673,0.38,0,0,600,FP32-token-IDs
BERT,htnofh,364,26,102,[SEP],,True,hopelessness,-8.940696716308594e-08,8.940696716308594e-08,0.5326933860778809,0.8246484994888306,0.38,0,1,600,FP32-token-IDs
BERT,htnofh,364,26,102,[SEP],,True,loneliness,6.332993507385254e-08,6.332993507385254e-08,0.27480950951576233,0.08169349282979965,0.38,0,0,600,FP32-token-IDs
BERT,htnofh,364,26,102,[SEP],,True,sadness,-2.5331974029541016e-07,2.5331974029541016e-07,0.4654010534286499,0.5786413550376892,0.38,1,1,600,FP32-token-IDs
BERT,htnofh,364,26,102,[SEP],,True,suicide intent,4.377216100692749e-08,4.377216100692749e-08,0.26389747858047485,0.041459448635578156,0.38,0,0,600,FP32-token-IDs
BERT,htnofh,364,26,102,[SEP],,True,worthlessness,-1.7881393432617188e-07,1.7881393432617188e-07,0.5625449419021606,0.8210527300834656,0.38,0,1,600,FP32-token-IDs
