model,metric,point_estimate,bootstrap_mean,ci_2_5,ci_97_5
Linear SVM,accuracy,0.8791142975417705,0.879203387764018,0.876468687496394,0.8817086242700168
Linear SVM,balanced_accuracy,0.8162201284360995,0.8164576799852417,0.8123524797801195,0.8205948770839435
Linear SVM,macro_f1,0.8123220109493219,0.8124562591398173,0.8088834377156692,0.8159582755327064
Linear SVM,mcc,0.6247987909217374,0.6250854879972899,0.6180334191391418,0.6320934364518088
Linear SVM,roc_auc,0.911678869505124,0.911769768974505,0.9087781015583426,0.9148461538870364
Linear SVM,pr_auc_loneliness,0.743770929182318,0.7438928188754725,0.7344606522399139,0.7524095634240617
Linear SVM,loneliness_f1,0.7003602226831133,0.700575830316151,0.6937956023681008,0.7068548863516281
Linear SVM,depression_f1,0.9242837992155304,0.9243366879634834,0.9222130469822009,0.9262366467145826
Logistic Regression,accuracy,0.8784889507385257,0.8785591357687786,0.8756792283435192,0.8812547308237317
Logistic Regression,balanced_accuracy,0.8162308137322964,0.8164446551109124,0.8119581123487506,0.8206084425469019
Logistic Regression,macro_f1,0.8117163738921531,0.8118231453082501,0.8077617561408988,0.8156147368867382
Logistic Regression,mcc,0.6236399524180894,0.6238730444415933,0.6158143039833939,0.631445074593239
Logistic Regression,roc_auc,0.9149801292946689,0.9150517204238694,0.9123201132370986,0.9181225968464013
Logistic Regression,pr_auc_loneliness,0.7418636164210268,0.7419362136875072,0.7329103606415124,0.7509684159737562
Logistic Regression,loneliness_f1,0.6995906279940771,0.6997634446558993,0.6929002958395785,0.7058423878300536
Logistic Regression,depression_f1,0.9238421197902291,0.9238828459606009,0.9217607220142577,0.9259104999253349
