post_identity,rows,content_versions,classes,files
00jayxd2||2020-03-15 07:53:26+00:00,2,1,1,1
8imn||2021-02-02 21:32:39+00:00,2,1,1,1
_firsthandsmoke||2020-01-11 12:51:24+00:00,2,1,1,1
_lil_drip_||2020-03-26 00:42:10+00:00,2,1,1,1
_stab_happy||2021-01-03 22:21:39+00:00,2,1,1,1
a_rlly_stupid_person||2019-09-02 10:10:37+00:00,2,1,1,1
abicpen||2020-12-29 12:59:28+00:00,2,1,1,1
academicsociety||2021-04-08 08:33:37+00:00,2,1,1,1
accforembarrassinshi||2021-01-22 23:23:02+00:00,2,1,1,1
accomplished_tap_143||2021-08-14 03:15:46+00:00,2,1,1,1
aditya092050||2021-08-15 05:02:00+00:00,2,1,1,1
admiralcock55||2022-01-29 15:04:18+00:00,2,1,1,1
adorable-nerve9936||2022-01-04 10:24:13+00:00,2,1,1,1
adslight7875||2021-12-19 19:00:28+00:00,2,1,1,1
adslight7875||2022-01-17 03:46:07+00:00,4,1,1,1
aitchy26||2020-09-14 11:11:45+00:00,2,1,1,1
ald4ker||2020-10-21 23:25:54+00:00,2,1,1,1
anakin_skywalker3||2020-11-28 00:14:34+00:00,2,1,1,1
angelobfalci||2021-04-15 05:16:43+00:00,2,1,1,1
angoramirror||2021-09-21 05:17:51+00:00,2,1,1,1
angoramirror||2021-09-21 05:18:02+00:00,2,1,1,1
anika1399||2022-01-31 01:30:27+00:00,2,1,1,1
anonthrowaway6543456||2021-07-21 08:11:38+00:00,2,1,1,1
antimatter79||2020-06-06 06:24:29+00:00,2,1,1,1
aria1411x||2019-05-09 07:05:21+00:00,2,2,1,1
armthehomeless14st||2022-02-27 12:15:08+00:00,2,1,1,1
ashernoduslevi||2020-09-16 09:31:52+00:00,2,1,1,1
askforjoeorhaveligma||2020-03-01 20:51:08+00:00,2,1,1,1
atotalweirdo||2022-02-06 00:48:07+00:00,2,1,1,1
awaytgeow||2019-01-02 01:18:33+00:00,2,1,1,1
ayanamhi||2021-11-07 02:07:12+00:00,2,1,1,1
ballisticautistic09||2021-10-09 08:22:54+00:00,2,1,1,1
bananainpyjama11||2021-09-19 01:31:03+00:00,2,1,1,1
bartynho||2021-03-13 22:44:06+00:00,2,1,1,1
bbygirlbigboot||2021-04-02 01:26:26+00:00,3,1,1,1
bestanimuthisseason||2022-01-23 07:12:59+00:00,2,1,1,1
bigdeanoh||2020-06-13 22:06:13+00:00,2,2,1,1
billiebabyy||2020-06-28 09:58:24+00:00,2,1,1,1
bitterdropout||2021-04-27 17:41:26+00:00,2,1,1,1
bluescreen222||2019-06-06 04:23:54+00:00,2,1,1,1
brian_grenke55||2021-08-11 04:25:41+00:00,2,1,1,1
broad-complaint-2728||2022-02-14 11:50:36+00:00,2,1,1,1
brokenapple6||2019-11-01 21:22:41+00:00,2,1,1,1
brokenapple6||2019-11-01 21:22:42+00:00,2,1,1,1
brokenapple6||2019-11-01 21:22:43+00:00,2,1,1,1
brolylomaniac||2021-07-27 14:28:29+00:00,2,1,1,1
bsmith223||2020-01-31 23:38:09+00:00,2,1,1,1
btjt1997||2021-08-20 04:55:56+00:00,5,1,1,1
butterflysly123||2021-07-22 16:07:51+00:00,2,1,1,1
c_r_e_a_m_641||2021-08-09 00:32:35+00:00,2,1,1,1
cdiamond123||2020-05-02 00:56:32+00:00,2,1,1,1
chaadlii||2021-04-15 14:08:18+00:00,2,1,1,1
chocob0o||2021-02-13 22:47:21+00:00,2,1,1,1
choxxydroozle||2021-07-27 11:28:49+00:00,2,1,1,1
clearasdust||2020-04-05 14:50:13+00:00,2,1,1,1
columnphysics79||2020-06-08 18:17:27+00:00,2,2,1,1
consequencethat7020||2021-09-08 22:57:12+00:00,2,1,1,1
constantache||2021-04-15 04:38:28+00:00,2,1,1,1
constructionqueasy34||2021-11-23 21:10:36+00:00,2,1,1,1
copingalone||2021-12-25 14:14:42+00:00,2,1,1,1
crybaby_pigeon||2020-05-02 00:42:08+00:00,2,1,1,1
crybaby_pigeon||2020-05-02 00:46:38+00:00,2,1,1,1
curlyscarff||2022-06-22 20:00:24+00:00,2,1,1,1
currerbellbronte||2021-07-27 14:32:12+00:00,2,1,1,1
darks1de69||2021-06-19 22:51:48+00:00,2,1,1,1
daschnitzler||2020-11-03 08:38:32+00:00,2,1,1,1
datboidid711||2019-05-08 07:17:42+00:00,2,1,1,1
davidsondergar||2021-04-14 14:11:14+00:00,2,1,1,1
daydreamer1212||2021-04-17 19:01:08+00:00,2,1,1,1
ddoomerr||2020-02-02 14:29:38+00:00,2,1,1,1
delicious-abies-8208||2021-02-02 21:22:21+00:00,2,1,1,1
depressed69er||2020-11-09 22:56:43+00:00,2,1,1,1
dexanfamikeamine||2020-11-24 18:02:41+00:00,2,1,1,1
dexanfamikeamine||2020-11-24 18:02:42+00:00,10,1,1,1
dexanfamikeamine||2020-11-24 18:02:46+00:00,3,1,1,1
drmantissstoboggan||2020-09-14 17:39:42+00:00,2,1,1,1
dubbbi||2021-08-02 04:35:09+00:00,2,1,1,1
dust_und_vultures||2021-12-18 23:04:29+00:00,2,1,1,1
dvlgxng616||2020-06-28 08:24:13+00:00,2,1,1,1
dvlgxng616||2020-12-14 05:45:27+00:00,3,1,1,1
eastern-lecture-5087||2021-08-04 12:02:15+00:00,2,1,1,1
elliezomzom||2019-10-24 20:29:27+00:00,2,1,1,1
emo_bea||2021-11-14 00:00:52+00:00,2,1,1,1
emperorbuttman||2022-02-22 18:21:28+00:00,2,1,1,1
endingasap||2022-07-28 18:34:53+00:00,2,1,1,1
enoughmention||2021-02-23 17:09:09+00:00,2,1,1,1
evil_mancer||2020-05-29 17:27:54+00:00,2,1,1,1
f9ftyn9ne||2020-10-09 04:32:51+00:00,2,1,1,1
fanco14||2021-10-26 02:36:31+00:00,3,1,1,1
festival_picnic||2021-02-25 05:43:13+00:00,2,1,1,1
finaki13||2019-09-29 20:55:30+00:00,2,1,1,1
flaccid-giraffe||2020-02-11 02:33:18+00:00,2,1,1,1
flapjackpanda244||2021-12-10 18:22:44+00:00,2,1,1,1
fluffy_boy_cheddar||2022-01-24 21:33:23+00:00,2,1,1,1
fobfan1||2021-02-02 21:20:40+00:00,2,1,1,1
fobfan1||2021-02-21 08:53:13+00:00,2,1,1,1
focusrunner79||2019-01-17 04:19:17+00:00,2,1,1,1
focusrunner79||2019-02-05 04:41:51+00:00,2,1,1,1
forgotten_soul2001||2020-11-24 06:50:44+00:00,2,1,1,1
fox_atomic_8||2020-10-05 23:12:29+00:00,2,1,1,1
frogsaretheshit666||2021-03-13 06:10:06+00:00,2,1,1,1
fuckwhatisit02||2020-07-02 19:07:02+00:00,2,1,1,1
fuzzysquirbunny||2021-07-23 09:11:09+00:00,2,1,1,1
g1rlgam3r87||2022-02-02 01:44:38+00:00,2,1,1,1
g__ay||2020-12-31 11:34:16+00:00,2,1,1,1
gabeburks||2021-02-02 21:21:35+00:00,2,1,1,1
gaddo_bee||2021-04-02 14:17:08+00:00,2,1,1,1
general_jingwei||2020-05-17 13:54:55+00:00,2,1,1,1
godrockstick||2021-08-06 09:54:56+00:00,2,2,1,1
griizlerhops||2020-06-02 05:36:12+00:00,2,1,1,1
groovycrusader||2020-03-15 12:02:55+00:00,2,1,1,1
guggert_branch||2021-07-16 10:00:52+00:00,2,1,1,1
guggert_branch||2021-07-16 10:00:54+00:00,2,1,1,1
guggert_branch||2021-07-16 10:00:56+00:00,2,1,1,1
guggert_branch||2021-07-16 10:00:57+00:00,2,1,1,1
guggert_branch||2021-07-16 10:00:58+00:00,2,1,1,1
guggert_branch||2021-07-16 10:01:00+00:00,2,1,1,1
guggert_branch||2021-07-16 10:01:01+00:00,2,1,1,1
guggert_branch||2021-07-16 10:01:03+00:00,2,1,1,1
guggert_branch||2021-07-16 10:01:05+00:00,2,1,1,1
guggert_branch||2021-07-16 10:01:07+00:00,2,1,1,1
guggert_branch||2021-07-16 10:01:09+00:00,2,1,1,1
guiltytrap||2022-06-14 00:23:24+00:00,3,1,1,1
hasthur76||2020-11-26 01:46:55+00:00,2,1,1,1
head-permit-8585||2021-03-31 09:39:46+00:00,2,1,1,1
hgilbert_01||2020-11-13 07:18:47+00:00,2,1,1,1
hidethebodytonight||2022-03-01 16:23:49+00:00,2,1,1,1
highnsad||2021-02-21 18:55:33+00:00,2,1,1,1
hypnotic_revolution||2021-08-20 00:05:19+00:00,2,1,1,1
ia0000||2021-04-25 09:06:42+00:00,2,1,1,1
iamdonetalking||2021-07-10 14:48:42+00:00,2,1,1,1
idonthaveadog1||2021-11-15 02:58:28+00:00,2,1,1,1
iloveekanye||2020-12-15 00:16:11+00:00,2,1,1,1
impostersyndromeman||2019-08-15 16:50:50+00:00,2,1,1,1
indemmund||2020-05-02 00:06:05+00:00,2,1,1,1
inktermundia||2021-08-28 01:01:41+00:00,2,1,1,1
insidereputation2975||2021-09-08 21:28:29+00:00,2,1,1,1
insidge||2021-03-27 19:18:08+00:00,2,1,1,1
intermissionvoid||2022-03-15 20:24:17+00:00,2,1,1,1
itzzzzzjenny||2020-09-28 07:43:26+00:00,2,1,1,1
iwantoday||2021-01-01 03:07:22+00:00,2,1,1,1
j_fruit||2020-09-14 23:44:33+00:00,2,1,1,1
jadenlee23||2020-06-15 10:08:54+00:00,2,1,1,1
jefvv||2020-05-08 03:02:49+00:00,2,1,1,1
joosh69||2021-08-11 22:33:05+00:00,2,1,1,1
josephdassele||2020-03-12 13:47:34+00:00,2,1,1,1
joyboy20||2022-01-01 19:00:24+00:00,2,1,1,1
judetheturtle7||2020-08-01 09:35:53+00:00,2,1,1,1
jxstvibin||2021-01-07 23:41:16+00:00,2,1,1,1
keraoo||2020-07-07 10:17:11+00:00,2,1,1,1
kidhongry||2020-05-02 00:42:10+00:00,2,1,1,1
kidhongry||2020-05-02 00:45:36+00:00,2,1,1,1
killmetwice22||2020-12-15 19:54:56+00:00,2,1,1,1
killmetwice22||2020-12-15 19:54:58+00:00,2,1,1,1
kiy-ru||2021-08-22 01:02:20+00:00,2,1,1,1
koelakanth||2019-09-12 23:44:12+00:00,2,1,1,1
kothree||2020-01-12 09:46:03+00:00,2,1,1,1
lalalalaplays||2020-12-21 00:08:03+00:00,2,1,1,1
lauurennxx||2020-11-27 00:17:47+00:00,2,1,1,1
leavezthrower||2021-10-04 19:42:54+00:00,2,1,1,1
lewis2409||2021-04-03 08:04:39+00:00,2,1,1,1
life-force2393||2021-06-21 20:21:49+00:00,2,1,1,1
lightningduat||2021-04-29 21:02:58+00:00,2,1,1,1
lil_peeps_fiancee||2021-11-24 15:34:56+00:00,2,1,1,1
livingabyss||2020-02-24 06:13:21+00:00,2,1,1,1
lopsided_emphasis_70||2021-09-04 13:27:18+00:00,2,1,1,1
loser_times_2||2019-04-12 16:15:13+00:00,2,1,1,1
lostone465||2021-10-19 04:37:58+00:00,2,1,1,1
manenough2||2020-04-23 22:15:19+00:00,2,1,1,1
master0fchiefs||2021-01-31 03:51:21+00:00,2,1,1,1
mentallyillretard||2021-07-29 16:45:28+00:00,2,1,1,1
mesossad||2021-07-22 03:13:57+00:00,2,1,1,1
mgb97||2019-04-10 19:22:36+00:00,2,1,1,1
moist_gennitals||2021-09-13 20:26:02+00:00,2,2,1,1
mrdeadsoul||2020-11-26 05:03:33+00:00,2,1,1,1
music_cats||2020-09-20 03:09:35+00:00,2,1,1,1
musicfoodgames||2020-08-31 23:14:11+00:00,2,2,1,1
nalrica||2020-08-20 02:03:59+00:00,2,1,1,1
narutoisboss||2019-10-24 05:02:40+00:00,2,1,1,1
nebualaxy||2022-06-17 15:43:40+00:00,2,1,1,1
needadvice_123456||2021-09-16 04:47:24+00:00,2,1,1,1
needletonoseandacne||2019-08-15 20:28:19+00:00,2,1,1,1
needletonoseandacne||2019-09-27 00:14:17+00:00,2,1,1,1
neither-notice-6753||2020-12-13 04:25:20+00:00,2,1,1,1
neo-yahtzee27||2022-03-12 12:36:46+00:00,2,1,1,1
neptunerover09||2022-02-02 16:01:08+00:00,2,1,1,1
nero821||2021-01-20 13:36:51+00:00,2,1,1,1
nijell||2020-09-30 22:52:02+00:00,2,1,1,1
nill_killers||2019-11-28 06:25:47+00:00,2,1,1,1
no-dust-7303||2021-02-02 21:25:34+00:00,2,1,1,1
nonae9q47||2021-08-22 19:38:42+00:00,2,1,1,1
nowhereboyyuck||2021-07-11 04:29:27+00:00,3,1,1,1
nowimthecrow||2021-08-16 18:45:47+00:00,2,1,1,1
oddlucoh||2021-08-04 09:22:40+00:00,2,1,1,1
officialwils||2021-07-27 14:16:11+00:00,2,2,1,1
oh_hello05||2021-06-28 21:35:11+00:00,2,1,1,1
ohshitadecepticon||2020-11-09 06:16:35+00:00,2,1,1,1
ok-opportunity1469||2021-12-11 06:27:42+00:00,2,1,1,1
ok_understanding36||2021-10-23 21:46:46+00:00,2,1,1,1
okbokchoy||2021-08-25 04:12:12+00:00,2,1,1,1
ordinary_team1247||2021-02-10 22:40:25+00:00,2,1,1,1
ouichef702||2022-01-02 00:01:16+00:00,2,1,1,1
ouiounonnonououi||2021-11-08 20:05:26+00:00,2,1,1,1
ouri||2020-05-25 04:04:11+00:00,2,1,1,1
overly_confused||2021-02-18 05:01:39+00:00,2,1,1,1
pacaranapetter||2021-03-15 19:36:24+00:00,2,1,1,1
paintedgirl_||2021-12-26 05:23:35+00:00,2,1,1,1
palaformaggio||2021-11-26 23:36:30+00:00,2,1,1,1
pancakefoxreborn||2020-10-25 01:33:41+00:00,2,1,1,1
peachesnplums96||2021-10-29 17:32:39+00:00,2,1,1,1
peachy_siren||2022-02-27 18:39:28+00:00,2,1,1,1
periwinkle90||2020-11-08 01:51:00+00:00,2,1,1,1
perspectivewest4780||2022-06-11 02:02:30+00:00,2,1,1,1
petitepeacho||2021-12-15 14:51:25+00:00,2,1,1,1
phaedrus04||2020-12-12 14:56:24+00:00,2,1,1,1
phatballz142||2020-10-22 10:17:58+00:00,2,1,1,1
piggrinder||2022-01-31 16:40:14+00:00,2,1,1,1
pikajett2699||2020-09-23 13:55:06+00:00,2,1,1,1
plssendpassword||2021-08-24 04:07:16+00:00,2,1,1,1
pm_me_happystuff||2019-03-24 05:35:08+00:00,2,1,1,1
pm_me_happystuff||2019-09-15 19:37:48+00:00,2,1,1,1
pooky-almighty||2019-02-18 02:56:57+00:00,2,1,1,1
positive_run2761||2022-03-05 19:14:42+00:00,2,1,1,1
pressbuttongetcookie||2021-04-26 00:08:39+00:00,2,1,1,1
proxxythechangeling||2021-11-13 16:17:21+00:00,2,1,1,1
purplesky_2013||2022-03-05 07:22:42+00:00,2,1,1,1
purrificateurheart||2021-09-14 20:41:03+00:00,2,1,1,1
qu3st10n_3v3ryth1n_||2020-07-04 04:27:58+00:00,2,1,1,1
queenikat||2021-04-15 16:08:12+00:00,2,1,1,1
quidditya3||2021-07-26 07:43:27+00:00,2,1,1,1
rantingaccount123||2021-07-07 03:08:26+00:00,2,1,1,1
realny27||2021-01-07 04:58:11+00:00,2,1,1,1
risingifs||2020-11-12 05:20:12+00:00,2,1,1,1
roguexvi||2019-09-29 10:14:34+00:00,2,1,1,1
rolando911||2021-03-10 16:02:04+00:00,2,1,1,1
romaniansquid33||2021-12-14 13:30:14+00:00,2,1,1,1
rratednerd||2021-07-27 14:31:21+00:00,2,1,1,1
sakuranakamotakazaku||2019-03-21 05:28:16+00:00,2,1,1,1
samshawe||2021-08-14 13:50:23+00:00,2,1,1,1
sarahy19||2021-01-20 12:20:44+00:00,2,1,1,1
sarathetiranossara||2020-02-10 04:48:26+00:00,2,1,1,1
sasukeuwu||2020-06-25 02:15:34+00:00,2,1,1,1
saxm_gautam||2021-04-02 01:22:03+00:00,2,1,1,1
schyloe||2020-11-29 03:30:50+00:00,2,1,1,1
scootydash||2021-11-15 03:09:38+00:00,2,1,1,1
seager_believer||2020-07-27 12:00:51+00:00,2,1,1,1
secondbadaccount||2020-10-04 21:09:09+00:00,2,1,1,1
sharpcaster||2020-10-25 01:58:16+00:00,2,1,1,1
shishkab||2020-02-22 15:03:57+00:00,2,1,1,1
simz98||2020-12-06 08:38:53+00:00,2,1,1,1
sirmaceington||2021-03-16 04:44:21+00:00,2,1,1,1
skull-fucker||2021-11-20 06:30:35+00:00,2,1,1,1
skyeralla||2021-11-07 05:52:52+00:00,2,1,1,1
slxtty_whxre||2020-06-14 08:34:39+00:00,2,1,1,1
smeethgoder||2021-07-26 21:19:34+00:00,2,1,1,1
solemnweasel343||2020-03-21 17:00:26+00:00,2,1,1,1
solidsnake5834||2020-01-25 14:44:53+00:00,2,1,1,1
someguyyoumightknow2||2022-01-11 01:49:52+00:00,2,1,1,1
son1cleo||2021-12-26 10:53:54+00:00,2,1,1,1
soy-demonix||2021-09-27 22:49:05+00:00,2,1,1,1
sozisad||2022-02-24 14:54:19+00:00,2,1,1,1
spiritual_ad_8365||2021-01-31 13:00:59+00:00,2,1,1,2
spunlikespidermike||2022-01-31 05:21:06+00:00,2,1,1,1
squirmworms||2020-06-30 06:46:12+00:00,2,1,1,1
suspicious-respect38||2021-06-11 11:40:38+00:00,2,1,1,1
syddvidd||2020-05-17 16:48:23+00:00,2,1,1,1
sziaoda||2020-06-06 06:49:42+00:00,2,1,1,1
tall_watercress_8505||2020-12-12 23:38:16+00:00,2,1,1,1
tall_watercress_8505||2020-12-12 23:38:18+00:00,2,1,1,1
telekikneecaps||2019-01-26 02:51:20+00:00,2,1,1,1
tendingknave||2021-12-18 04:45:35+00:00,2,1,1,1
the_nosicle||2020-12-10 11:23:26+00:00,2,1,1,1
thecolonelewbua||2021-08-11 22:23:01+00:00,2,1,1,1
thefightingyank||2021-11-11 00:12:16+00:00,2,1,1,1
thefirefishie||2020-04-05 14:53:01+00:00,2,1,1,1
thepizzaworshiper||2020-04-05 14:58:35+00:00,2,1,1,1
thepizzaworshiper||2020-04-05 15:00:51+00:00,2,1,1,1
theroadtohappines||2021-11-12 15:15:37+00:00,2,1,1,1
thorthrowrha||2019-09-13 05:32:52+00:00,3,1,1,1
thorthrowrha||2019-09-13 05:32:54+00:00,2,1,1,1
throwaway164416441||2021-06-30 02:26:02+00:00,2,1,1,1
throwaway42069yuh||2021-03-12 06:42:55+00:00,2,1,1,1
throwaway91lol||2022-05-06 04:45:39+00:00,2,1,1,1
throwaway940072||2021-11-17 18:12:20+00:00,2,1,1,1
throwaway_133347||2021-10-31 09:45:51+00:00,2,1,1,1
throwawayyuh3||2022-01-11 01:56:32+00:00,2,1,1,1
tin_canss||2020-03-26 22:57:27+00:00,2,1,1,1
tiny_refrigerator2||2020-11-11 07:30:23+00:00,2,1,1,1
to_drunk_to_drive||2022-06-11 01:35:36+00:00,2,1,1,1
tobedeleted_____||2021-11-12 15:13:51+00:00,2,1,1,1
tony_ya94||2021-07-13 22:29:51+00:00,2,1,1,1
tp_alt||2020-05-02 01:21:33+00:00,2,1,1,1
tp_alt||2020-05-02 01:21:34+00:00,2,1,1,1
transportationok2353||2021-10-02 04:09:40+00:00,2,1,1,1
trinketstone||2022-03-08 19:38:03+00:00,2,1,1,1
ukrilnk||2020-01-02 08:10:49+00:00,2,2,1,1
unc1edr3w883||2020-05-22 22:05:29+00:00,2,1,1,1
undergroundflaws||2021-06-16 22:55:18+00:00,2,1,1,1
unknown_citizen||2021-10-16 08:36:43+00:00,5,1,1,1
urbandylan||2021-01-12 02:32:23+00:00,2,1,1,1
varendothe||2021-02-02 21:36:36+00:00,2,1,1,1
vent1667||2021-08-09 00:10:40+00:00,2,1,1,1
vent1667||2022-02-21 07:02:04+00:00,2,1,1,1
vibhuj04051995||2021-08-13 22:46:28+00:00,2,1,1,1
violetdonut||2020-08-01 08:05:57+00:00,2,1,1,1
waristheway||2021-07-04 11:41:59+00:00,2,1,1,1
wasteaway81883||2020-09-08 15:00:36+00:00,2,1,1,1
weird_warren||2020-03-31 06:38:38+00:00,2,1,1,1
wend424||2021-12-01 07:22:09+00:00,2,1,1,1
whichbernoulli||2020-08-14 03:55:16+00:00,2,1,1,1
whirlpoolofterror||2021-03-10 19:50:07+00:00,2,1,1,1
wisteriahysteria14||2022-01-17 01:20:49+00:00,14,1,1,1
wisteriahysteria14||2022-01-17 01:20:50+00:00,9,1,1,1
wisteriahysteria14||2022-01-17 01:20:51+00:00,2,1,1,1
wisteriahysteria14||2022-01-17 01:20:53+00:00,2,1,1,1
wuance_moore||2021-12-30 15:11:21+00:00,2,1,1,1
x_o_halfbaked||2021-12-26 20:29:26+00:00,2,1,1,1
xpxche||2021-04-29 23:04:11+00:00,2,1,1,1
yaboipotboit||2021-11-15 01:30:26+00:00,2,1,1,1
yellingya||2021-05-08 07:07:47+00:00,2,1,1,1
yosinitysam||2022-05-21 03:28:00+00:00,2,1,1,1
zaulik||2020-06-10 02:02:28+00:00,2,1,1,1
zealousidealcod3244||2021-02-15 00:42:37+00:00,2,1,1,1
zerafyi||2021-02-02 21:42:24+00:00,2,1,1,1
zokili7||2020-12-10 20:19:20+00:00,2,1,1,1
zombieislost||2021-09-10 05:58:36+00:00,2,1,1,1
zombies42ever||2020-04-01 22:33:29+00:00,2,1,1,1
