content_hash,rows,classes,files,authors,first_year,last_year
10043118512130291832,2,1,2,2,2019,2020
10205702339622491825,3,1,3,3,2019,2021
10257380517490160446,2,1,2,2,2021,2022
10478358225072048892,2,1,2,2,2020,2021
10565979978502449567,2,1,2,1,2019,2020
11227419221785526931,2,1,2,1,2021,2022
11235765583074673955,5,2,3,4,2021,2022
11357896946819673565,2,2,2,2,2019,2020
11671803872881372866,4,1,2,2,2019,2020
1167199425341900755,5,2,5,5,2019,2020
11702197613513132400,2,1,2,1,2019,2020
11710680471768872423,2,1,2,1,2019,2020
11948929118309688829,99,1,9,1,2020,2021
12035253357969210935,2,1,2,2,2019,2020
12231816328842872631,2,1,2,1,2020,2022
12468740766997825967,2,1,2,1,2020,2021
12669634872929496212,9,1,3,3,2021,2022
13146639508105795723,2,1,2,2,2020,2021
13539230146404458093,2,1,2,2,2020,2021
1390603405622155745,2,1,2,1,2020,2021
14316478413509229573,2,1,2,1,2019,2020
14319462432949239081,3,1,2,1,2020,2021
14446104261426068043,2,2,2,2,2019,2020
14723652752692077141,2,1,2,2,2019,2020
14876692316903129424,2,1,2,1,2019,2020
15117155500871326742,6,1,6,6,2020,2022
15331184893532944966,3,2,3,3,2020,2022
15420009993273445949,3,1,2,1,2019,2020
15701345183434824263,6,2,5,4,2019,2020
16241736989204772544,3,1,2,3,2019,2020
16264146179140547544,2,1,2,1,2020,2021
16616206004182645527,2,1,2,2,2019,2020
17097290974059327731,2,1,2,2,2019,2020
17184359189700938768,2,1,2,2,2019,2020
17403228177410705901,2,1,2,2,2019,2020
17521359226372501683,3,2,3,3,2019,2020
17782020111084271955,2,1,2,2,2019,2020
17963608987615142907,10,1,8,1,2021,2022
18021060966302686140,2,1,2,2,2020,2021
18245270954654061810,2,1,2,1,2019,2020
18395871921706447469,3,1,2,2,2020,2021
2132391924364778003,6,2,6,6,2019,2022
2228203572045035542,2,1,2,1,2019,2021
2359230408326991897,2,1,2,2,2019,2020
245325209511497104,3,1,3,3,2019,2020
2552165407366656770,2,1,2,2,2019,2020
2638098771520211492,3,1,2,1,2020,2021
2667454628533896954,9,1,7,1,2021,2022
2748326319139051416,3,1,3,1,2021,2022
2884406706446009830,2,1,2,1,2020,2021
315672105053227874,2,1,2,2,2019,2021
3218706625289252433,2,1,2,2,2020,2022
3674086098002808565,3,1,3,3,2019,2020
4081921031337557053,2,1,2,2,2019,2022
4365646519297418644,2,1,2,2,2019,2020
4477478613946257872,2,2,2,2,2019,2020
4700370822557179389,3,1,3,3,2020,2022
5357478682815322429,4,2,3,2,2019,2020
5665936890004772218,2,1,2,2,2019,2020
5745581582278608251,2,2,2,1,2020,2021
5898917300872635312,3,2,3,3,2020,2022
6177206433135154133,2,1,2,2,2020,2021
636039208773913704,3,2,3,3,2019,2020
643297770750012137,2,1,2,1,2020,2021
6478646744706977747,2,2,2,2,2019,2020
6758963044904966046,3,2,3,3,2019,2020
6868612481774661962,3,1,3,3,2019,2021
6875623350610421615,2,1,2,2,2019,2020
712838722323124095,2,1,2,2,2019,2020
7194511451234838229,3,2,3,3,2019,2020
7203368135809462438,6,2,6,6,2019,2020
7293410580839527279,3,2,3,3,2019,2020
7463270141191270357,3,1,3,3,2020,2022
7600143050085417912,8,2,8,8,2019,2020
7874317129180644411,6,1,4,1,2020,2021
8111754292214690415,8,1,3,7,2021,2022
8370983872026808146,2,1,2,1,2021,2022
8994986633366878035,54,1,5,1,2019,2020
9260283761931216501,2,1,2,2,2019,2020
9778386127415131306,2,2,2,2,2019,2020
9837108006768726015,3,1,3,3,2019,2020
