Model,Emotion,Mean_Token_Abs_SHAP,Mean_Total_Abs_SHAP
BERT,anger,0.009669995398711549,0.5470983915029649
BERT,brain dysfunction (forget),0.006159500918867897,0.37881888686097587
BERT,emptiness,0.010564736368967122,0.8098258041714228
BERT,hopelessness,0.012736837508601356,0.8504438311984205
BERT,loneliness,0.011753341110117915,0.816835560407813
BERT,sadness,0.011310743778936563,0.7107107940950541
BERT,suicide intent,0.006509473401351058,0.3869367930591687
BERT,worthlessness,0.014442835341107378,0.8967817963319931
ClinicalBERT,anger,0.013572360937647654,0.631266141397175
ClinicalBERT,brain dysfunction (forget),0.009329869477081162,0.46506207493533247
ClinicalBERT,emptiness,0.007265957005447031,0.49912889904895885
ClinicalBERT,hopelessness,0.012650543329374375,0.6485703667826148
ClinicalBERT,loneliness,0.009282178629588909,0.6269083356187902
ClinicalBERT,sadness,0.010880792785171945,0.5482381613679136
ClinicalBERT,suicide intent,0.0074296005886155935,0.3846701166327339
ClinicalBERT,worthlessness,0.012014475994737282,0.6250836161453617
MentalBERT,anger,0.01520423186699403,0.9064589222203452
MentalBERT,brain dysfunction (forget),0.007927879318882173,0.5899664316056301
MentalBERT,emptiness,0.011046561943217263,0.8340987143251382
MentalBERT,hopelessness,0.017982503585154793,1.0518155110063618
MentalBERT,loneliness,0.013105596582567864,0.9279344809080994
MentalBERT,sadness,0.013810936845558078,0.8331965041625259
MentalBERT,suicide intent,0.006591990760955893,0.45509381000143556
MentalBERT,worthlessness,0.018957267718971653,1.1513938329572413
RoBERTa,anger,0.011673167444114112,0.6555884354238742
RoBERTa,brain dysfunction (forget),0.0077331227371823215,0.4859791514112126
RoBERTa,emptiness,0.012207668230054045,0.793384875712771
RoBERTa,hopelessness,0.019692557846114633,1.119889731097583
RoBERTa,loneliness,0.014795921451907076,0.9810827823895836
RoBERTa,sadness,0.017774837721952038,1.0079226160287307
RoBERTa,suicide intent,0.005322870812858477,0.3170183469910716
RoBERTa,worthlessness,0.020160476056704322,1.1143766194137117
