Emotion,Rank,Token,Total_Abs_SHAP,Mean_Abs_SHAP,Mean_SHAP,Occurrences,Samples
anger,1,depression,0.44839670421857764,0.08967934084371552,-0.08967934084371552,5,4
anger,2,i,0.37493660185757677,0.0039055896026830915,-0.001233455331972791,96,12
anger,3,destroying,0.36063092161202803,0.36063092161202803,0.36063092161202803,1,1
anger,4,to,0.2927468553268925,0.005047359574601595,-0.0004578408054377158,58,11
anger,5,is,0.2926341854630542,0.011705367418522168,-0.004106078385524936,25,13
anger,6,mentally,0.24840279226191342,0.24840279226191342,-0.24840279226191342,1,1
anger,7,life,0.2418212490129037,0.0345458927161291,-0.03408700573063945,7,4
anger,8,of,0.21649329790976052,0.010309204662369549,0.004072056539389167,21,12
anger,9,it,0.1938865684841536,0.006685743740832882,0.002130457595033896,29,11
anger,10,and,0.18001629752997061,0.004865305338647855,0.0009020282854701529,37,14
brain dysfunction (forget),1,i,0.4076387182325703,0.004246236648255941,0.0015784898075866976,96,12
brain dysfunction (forget),2,depressing,0.17189385343226604,0.17189385343226604,-0.17189385343226604,1,1
brain dysfunction (forget),3,ign,0.17042255075648427,0.17042255075648427,0.17042255075648427,1,1
brain dysfunction (forget),4,me,0.16862408883119878,0.005439486736490283,-0.002456067610332106,31,11
brain dysfunction (forget),5,to,0.1545605861007567,0.002664837691392357,-0.0007285752088278496,58,11
brain dysfunction (forget),6,nothing,0.13409240000702166,0.026818480001404334,0.02668736284541095,5,3
brain dysfunction (forget),7,my,0.12925966085387838,0.0040393644016836995,0.0004740492891286766,32,12
brain dysfunction (forget),8,the,0.11993568016380575,0.0029252604918001404,0.00038388685992506963,41,15
brain dysfunction (forget),9,less,0.1187887053680329,0.05939435268401645,0.05939435268401645,2,2
brain dysfunction (forget),10,is,0.11250442318692355,0.004500176927476942,-0.0016231990449254825,25,13
emptiness,1,nothing,0.8132822692212598,0.16265645384425195,0.16265645384425195,5,3
emptiness,2,i,0.5125236453390434,0.0053387879722817016,0.0019800759607715747,96,12
emptiness,3,less,0.3769182198311365,0.18845910991556825,0.18454272620830803,2,2
emptiness,4,empty,0.3415236743250197,0.3415236743250197,0.3415236743250197,1,1
emptiness,5,silence,0.3257865031482652,0.3257865031482652,0.3257865031482652,1,1
emptiness,6,nobody,0.31441604024730624,0.15720802012365312,0.15720802012365312,2,1
emptiness,7,ign,0.27344343170989305,0.27344343170989305,0.27344343170989305,1,1
emptiness,8,to,0.2381114560171298,0.004105369931329824,-0.0001075320919963431,58,11
emptiness,9,the,0.23794036684005504,0.005803423581464757,-0.0021348859471379085,41,15
emptiness,10,no,0.2319463506810847,0.023194635068108472,0.022473745394627452,10,6
hopelessness,1,i,0.8279026391611232,0.008623985824595034,0.005070160167990403,96,12
hopelessness,2,nothing,0.6326341916594859,0.12652683833189718,0.12652683833189718,5,3
hopelessness,3,depressing,0.4866200641845353,0.4866200641845353,0.4866200641845353,1,1
hopelessness,4,tired,0.4660595448804088,0.2330297724402044,0.2330297724402044,2,2
hopelessness,5,destroying,0.4009761802153662,0.4009761802153662,0.4009761802153662,1,1
hopelessness,6,is,0.39985511765126536,0.015994204706050615,0.009923987140766612,25,13
hopelessness,7,depression,0.3743460517199267,0.07486921034398533,0.07486921034398533,5,4
hopelessness,8,to,0.3377360906141787,0.005823036045072046,0.002075952027241142,58,11
hopelessness,9,ign,0.3101435377029702,0.3101435377029702,0.3101435377029702,1,1
hopelessness,10,the,0.2876287392566723,0.007015335103821276,0.0010606743397115902,41,15
loneliness,1,alone,0.8079324086429551,0.40396620432147756,0.40396620432147756,2,2
loneliness,2,depression,0.514264072252055,0.10285281445041099,-0.10285281445041099,5,4
loneliness,3,me,0.4919613315704471,0.015869720373240227,0.010690576744638025,31,11
loneliness,4,i,0.48062042744590094,0.005006462785894801,0.000984559025685439,96,12
loneliness,5,silence,0.42113892146153376,0.42113892146153376,0.42113892146153376,1,1
loneliness,6,less,0.3367881170538668,0.1683940585269334,0.16518228781319017,2,2
loneliness,7,the,0.31499200512140263,0.007682731832229332,-0.0037492105315846884,41,15
loneliness,8,to,0.31284263325335043,0.005393838504368111,0.0005933912926079415,58,11
loneliness,9,empty,0.2818182028824508,0.2818182028824508,0.2818182028824508,1,1
loneliness,10,is,0.2711070804201525,0.0108442832168061,-0.004668175172902942,25,13
sadness,1,depression,1.3967719902242866,0.2793543980448573,0.2793543980448573,5,4
sadness,2,depressing,0.5739822324831039,0.5739822324831039,0.5739822324831039,1,1
sadness,3,i,0.5456806566451083,0.0056841735067198786,0.004145468966531443,96,12
sadness,4,broken,0.5269402526998116,0.5269402526998116,0.5269402526998116,1,1
sadness,5,tired,0.4837262091071656,0.2418631045535828,0.2418631045535828,2,2
sadness,6,is,0.4085975665086666,0.016343902660346663,0.008638059969086726,25,13
sadness,7,to,0.3317941897269376,0.0057205894780506476,0.0029894022658709164,58,11
sadness,8,the,0.25780370894020516,0.006287895340005004,0.001827057906162488,41,15
sadness,9,my,0.24196977910145523,0.007561555596920476,0.0030607968374044866,32,12
sadness,10,destroying,0.22369464964140207,0.22369464964140207,0.22369464964140207,1,1
suicide intent,1,destroying,0.2947605345980264,0.2947605345980264,0.2947605345980264,1,1
suicide intent,2,i,0.23513894782233963,0.002449364039816038,0.0009400223822463831,96,12
suicide intent,3,life,0.20880827746956446,0.029829753924223493,0.028433740736421433,7,4
suicide intent,4,to,0.14726701077509677,0.0025390863926740823,0.0009434716327623308,58,11
suicide intent,5,dying,0.13043726125033572,0.13043726125033572,0.13043726125033572,1,1
suicide intent,6,die,0.12753971052976945,0.12753971052976945,0.12753971052976945,1,1
suicide intent,7,own,0.11298772961747883,0.056493864808739414,0.05586077885356551,2,2
suicide intent,8,her,0.10758863434117907,0.02689715858529477,0.02689715858529477,4,2
suicide intent,9,my,0.10242303735218918,0.0032007199172559117,0.002320695703565015,32,12
suicide intent,10,and,0.07983109997813992,0.0021575972967064843,0.00019907922424099265,37,14
worthlessness,1,i,0.8463632170214412,0.008816283510640012,0.003451541796750998,96,12
worthlessness,2,nothing,0.7273484918331249,0.145469698366625,0.145469698366625,5,3
worthlessness,3,tired,0.4716370147652924,0.2358185073826462,0.2358185073826462,2,2
worthlessness,4,ign,0.4587818740401417,0.4587818740401417,0.4587818740401417,1,1
worthlessness,5,destroying,0.384059697156772,0.384059697156772,0.384059697156772,1,1
worthlessness,6,it,0.3276486206422981,0.01129822829801028,0.001391370231814236,29,11
worthlessness,7,is,0.3194022663697942,0.012776090654791768,0.00905030294824598,25,13
worthlessness,8,depressing,0.3190184132545255,0.3190184132545255,0.3190184132545255,1,1
worthlessness,9,me,0.31150120625198163,0.01004842600812844,-0.00044614972860869883,31,11
worthlessness,10,to,0.309949080895896,0.005343949670618897,-0.0007877057593214511,58,11
