Model,Sample_ID,Test_Index,Token_Count,Max_Evals_Used,Attempts,Max_Additivity_Error,Mean_Additivity_Error,Runtime_Seconds,XAI_Inference,Raw_File
RoBERTa,107a0dj,667,113,600,1,6.661338147750939e-16,2.0469737016526324e-16,5.222170352935791,FP32-token-IDs,d:\Thesis_Project\Experiment_2_Transformer-Based Emotion_Classification\outputs\full_shap_analysis\raw_token_attributions\roberta\01_107a0dj_shap.csv
RoBERTa,16x5vag,722,24,600,1,5.551115123125783e-17,6.938893903907228e-18,1.4762539863586426,FP32-token-IDs,d:\Thesis_Project\Experiment_2_Transformer-Based Emotion_Classification\outputs\full_shap_analysis\raw_token_attributions\roberta\02_16x5vag_shap.csv
RoBERTa,d0judl,497,142,600,1,5.551115123125783e-16,2.0383000842727483e-16,7.361615419387817,FP32-token-IDs,d:\Thesis_Project\Experiment_2_Transformer-Based Emotion_Classification\outputs\full_shap_analysis\raw_token_attributions\roberta\03_d0judl_shap.csv
RoBERTa,lghad1,525,199,797,1,8.881784197001252e-16,2.463307335887066e-16,13.770240068435669,FP32-token-IDs,d:\Thesis_Project\Experiment_2_Transformer-Based Emotion_Classification\outputs\full_shap_analysis\raw_token_attributions\roberta\04_lghad1_shap.csv
RoBERTa,17a4w6o,605,197,789,1,8.881784197001252e-16,4.0939474033052647e-16,13.555498123168945,FP32-token-IDs,d:\Thesis_Project\Experiment_2_Transformer-Based Emotion_Classification\outputs\full_shap_analysis\raw_token_attributions\roberta\05_17a4w6o_shap.csv
RoBERTa,141cj66,539,121,600,1,2.220446049250313e-16,1.240327285323417e-16,6.756263971328735,FP32-token-IDs,d:\Thesis_Project\Experiment_2_Transformer-Based Emotion_Classification\outputs\full_shap_analysis\raw_token_attributions\roberta\06_141cj66_shap.csv
RoBERTa,11q4ikh,309,122,600,1,4.440892098500626e-16,1.5265566588595902e-16,6.73363184928894,FP32-token-IDs,d:\Thesis_Project\Experiment_2_Transformer-Based Emotion_Classification\outputs\full_shap_analysis\raw_token_attributions\roberta\07_11q4ikh_shap.csv
RoBERTa,yvlui4,42,28,600,1,1.1102230246251565e-16,2.168404344971009e-17,1.980621576309204,FP32-token-IDs,d:\Thesis_Project\Experiment_2_Transformer-Based Emotion_Classification\outputs\full_shap_analysis\raw_token_attributions\roberta\08_yvlui4_shap.csv
RoBERTa,oef5qe,171,118,600,1,1.3322676295501878e-15,3.426078865054194e-16,6.2560131549835205,FP32-token-IDs,d:\Thesis_Project\Experiment_2_Transformer-Based Emotion_Classification\outputs\full_shap_analysis\raw_token_attributions\roberta\09_oef5qe_shap.csv
RoBERTa,flwg6v,816,99,600,1,4.440892098500626e-16,1.48318857196017e-16,5.442339897155762,FP32-token-IDs,d:\Thesis_Project\Experiment_2_Transformer-Based Emotion_Classification\outputs\full_shap_analysis\raw_token_attributions\roberta\10_flwg6v_shap.csv
RoBERTa,o5dwl2,521,56,600,1,4.440892098500626e-16,8.673617379884035e-17,3.2501745223999023,FP32-token-IDs,d:\Thesis_Project\Experiment_2_Transformer-Based Emotion_Classification\outputs\full_shap_analysis\raw_token_attributions\roberta\11_o5dwl2_shap.csv
RoBERTa,k6qzu7,262,190,761,1,3.0531133177191805e-16,1.0755285551056204e-16,11.290074586868286,FP32-token-IDs,d:\Thesis_Project\Experiment_2_Transformer-Based Emotion_Classification\outputs\full_shap_analysis\raw_token_attributions\roberta\12_k6qzu7_shap.csv
RoBERTa,kxtuue,781,57,600,1,5.551115123125783e-16,1.0234868508263162e-16,3.387921094894409,FP32-token-IDs,d:\Thesis_Project\Experiment_2_Transformer-Based Emotion_Classification\outputs\full_shap_analysis\raw_token_attributions\roberta\13_kxtuue_shap.csv
RoBERTa,k3mu97,659,249,997,1,7.771561172376096e-16,2.8449465006019636e-16,19.52255082130432,FP32-token-IDs,d:\Thesis_Project\Experiment_2_Transformer-Based Emotion_Classification\outputs\full_shap_analysis\raw_token_attributions\roberta\14_k3mu97_shap.csv
RoBERTa,j97g2f,444,218,873,1,3.608224830031759e-16,1.0755285551056204e-16,15.36916708946228,FP32-token-IDs,d:\Thesis_Project\Experiment_2_Transformer-Based Emotion_Classification\outputs\full_shap_analysis\raw_token_attributions\roberta\15_j97g2f_shap.csv
RoBERTa,htnofh,364,26,600,1,0.0,0.0,1.9405217170715332,FP32-token-IDs,d:\Thesis_Project\Experiment_2_Transformer-Based Emotion_Classification\outputs\full_shap_analysis\raw_token_attributions\roberta\16_htnofh_shap.csv
