Model,Emotion,Token,Total_Abs_SHAP,Mean_Abs_SHAP,Mean_SHAP,Occurrences,Samples,Rank
BERT,anger,i,0.3972260464195726,0.004137771316870548,-0.0009263494458620628,96,12,1
BERT,anger,depression,0.2889522627204681,0.057790452544093616,-0.057790452544093616,5,4,2
BERT,anger,is,0.23037688323344038,0.00959903680139335,-0.0008105624555290347,24,12,3
BERT,anger,bliss,0.22914117295295,0.22914117295295,-0.22914117295295,1,1,4
BERT,anger,destroying,0.1804654598236084,0.1804654598236084,0.1804654598236084,1,1,5
BERT,anger,and,0.18038952918906237,0.00487539268078547,-0.00023361977811365886,37,14,6
BERT,anger,to,0.17954567734236437,0.003095615126592489,-0.0008988481118899736,58,11,7
BERT,anger,of,0.15794043191234397,0.007520972948206856,0.002274509376000932,21,12,8
BERT,anger,it,0.15316698734423323,0.005281620253249421,-0.0004409500186869577,29,11,9
BERT,anger,but,0.14927132192568718,0.012439276827140598,-0.008884192873209911,12,10,10
BERT,brain dysfunction (forget),i,0.30468883824198917,0.0031738420650207206,-0.0005835256856455653,96,12,1
BERT,brain dysfunction (forget),ignorance,0.14054191624745727,0.14054191624745727,0.14054191624745727,1,1,2
BERT,brain dysfunction (forget),and,0.12986149306648034,0.003509770082877847,-0.0009233821503933922,37,14,3
BERT,brain dysfunction (forget),the,0.12756320503246754,0.0031112976837187204,-0.000634728900652986,41,15,4
BERT,brain dysfunction (forget),my,0.12306040301361382,0.003845637594175432,-0.0017961968804936774,32,12,5
BERT,brain dysfunction (forget),to,0.12261141820534883,0.0021139899690577387,-0.0007741872828569192,58,11,6
BERT,brain dysfunction (forget),it,0.10251741318492993,0.003535083213273446,-0.0012678391719195036,29,11,7
BERT,brain dysfunction (forget),mentally,0.10051964310696349,0.10051964310696349,0.10051964310696349,1,1,8
BERT,brain dysfunction (forget),you,0.09647499456630265,0.009647499456630265,0.006359142435720147,10,6,9
BERT,brain dysfunction (forget),of,0.09358168391587716,0.004456270662660818,-0.0011199113929311125,21,12,10
BERT,emptiness,i,0.730742888936836,0.007611905093092042,0.002772241972429283,96,12,1
BERT,emptiness,nothing,0.5300176047630145,0.1060035209526029,0.1060035209526029,5,3,2
BERT,emptiness,and,0.32288687540089406,0.008726672308132271,0.002290284561292633,37,14,3
BERT,emptiness,to,0.29459603221375835,0.0050792419347199715,0.0005642439817255124,58,11,4
BERT,emptiness,the,0.22465621585913095,0.005479419899003194,-0.004043282405957195,41,15,5
BERT,emptiness,my,0.21412541968849363,0.006691419365265426,0.0017566527180436756,32,12,6
BERT,emptiness,me,0.20305409126786292,0.006550131976382675,0.00012030538273780959,31,11,7
BERT,emptiness,t,0.20273964621896812,0.008447485259123672,0.007731679388711824,24,10,8
BERT,emptiness,no,0.19400469518668761,0.01940046951866876,0.019037127890816505,10,6,9
BERT,emptiness,is,0.19398738108939376,0.008082807545391407,-0.0033044424092400315,24,12,10
BERT,hopelessness,i,0.6596997096443532,0.006871871975462012,0.003007808781228889,96,12,1
BERT,hopelessness,nothing,0.34190914853479826,0.06838182970695965,0.06838182970695965,5,3,2
BERT,hopelessness,and,0.3132162421444412,0.008465303841741654,0.0029618049886428743,37,14,3
BERT,hopelessness,t,0.2458920766859314,0.010245503195247143,0.008238418616738631,24,10,4
BERT,hopelessness,to,0.2344333822404048,0.004041954866213876,0.0005952070752915625,58,11,5
BERT,hopelessness,it,0.20769009364767,0.007161727367161034,-0.0018244418587893198,29,11,6
BERT,hopelessness,the,0.20393409522934589,0.004974002322666973,-0.002471035057258829,41,15,7
BERT,hopelessness,my,0.19740901661666835,0.006169031769270886,0.0011427194816951433,32,12,8
BERT,hopelessness,me,0.18418155858667046,0.005941340599570015,-0.0019624199551018157,31,11,9
BERT,hopelessness,is,0.18115806861431416,0.007548252858929756,0.0014360907663295566,24,12,10
BERT,loneliness,i,0.6066567145575479,0.0063193407766411235,0.0029145668024616335,96,12,1
BERT,loneliness,and,0.309945774687263,0.008376912829385486,0.002516824709857775,37,14,2
BERT,loneliness,to,0.3036501382633495,0.005235347211437061,0.0013176634900742142,58,11,3
BERT,loneliness,alone,0.3024816389383179,0.15124081946915896,0.15124081946915896,2,2,4
BERT,loneliness,loneliness,0.2956356636816309,0.14781783184081546,0.14462507694138607,2,1,5
BERT,loneliness,nothing,0.29300700977059585,0.05860140195411917,0.05860140195411917,5,3,6
BERT,loneliness,me,0.24948535460199942,0.008047914664580626,0.0018613478012592015,31,11,7
BERT,loneliness,the,0.22429240088555058,0.005470546363062209,-0.0032600512917611113,41,15,8
BERT,loneliness,left,0.2172666301822386,0.1086333150911193,0.1086333150911193,2,2,9
BERT,loneliness,my,0.2080291200882705,0.0065009100027584536,0.002357287787402627,32,12,10
BERT,sadness,i,0.4546368225521743,0.004735800234918482,0.003705241617837404,96,12,1
BERT,sadness,depression,0.3675384830088794,0.07350769660177589,0.07350769660177589,5,4,2
BERT,sadness,and,0.2940150379054251,0.0079463523758223,0.005212666875016627,37,14,3
BERT,sadness,pressing,0.24317093403078616,0.24317093403078616,0.24317093403078616,1,1,4
BERT,sadness,to,0.23425865217121764,0.004038942278814097,0.002031950608644558,58,11,5
BERT,sadness,it,0.19496057636604544,0.006722778495380877,0.0009255492296364959,29,11,6
BERT,sadness,my,0.1947734187061424,0.00608666933456695,0.0037780397930087953,32,12,7
BERT,sadness,you,0.1753065124664101,0.01753065124664101,-0.011978890804263452,10,6,8
BERT,sadness,but,0.15047956247162683,0.012539963539302236,0.0028414920169129282,12,10,9
BERT,sadness,the,0.14696084120602304,0.0035844107611225132,-0.00016079054391467422,41,15,10
BERT,suicide intent,i,0.30645764828719857,0.0031922671696583186,-0.0010355966545312668,96,12,1
BERT,suicide intent,life,0.21803554844110884,0.031147935491586978,0.02527628524982813,7,4,2
BERT,suicide intent,to,0.1995876218171491,0.0034411658933991224,0.00035540178312537367,58,11,3
BERT,suicide intent,my,0.1361587489338731,0.004254960904183535,5.457351425829564e-06,32,12,4
BERT,suicide intent,and,0.1347573987371434,0.0036420918577606326,-0.0002654155885349309,37,14,5
BERT,suicide intent,dying,0.13313323344724873,0.13313323344724873,0.13313323344724873,1,1,6
BERT,suicide intent,this,0.12125320544552358,0.01102301867686578,-0.010932005960714542,11,7,7
BERT,suicide intent,the,0.11331619422685082,0.0027638096152890444,-0.0017431971776311556,41,15,8
BERT,suicide intent,destroying,0.10778280749218538,0.10778280749218538,0.10778280749218538,1,1,9
BERT,suicide intent,is,0.10432543572906522,0.004346893155377718,-0.003336949401530481,24,12,10
BERT,worthlessness,i,0.7590745453116402,0.007907026513662919,0.0013249279835167154,96,12,1
BERT,worthlessness,nothing,0.41820788293837696,0.08364157658767539,0.08364157658767539,5,3,2
BERT,worthlessness,ignorance,0.3445524594280869,0.3445524594280869,0.3445524594280869,1,1,3
BERT,worthlessness,and,0.2744426432399925,0.007417368736216014,0.0010676771373648091,37,14,4
BERT,worthlessness,to,0.26507010577470386,0.004570174237494894,-0.000580079215341548,58,11,5
BERT,worthlessness,destroying,0.24923381628468633,0.24923381628468633,0.24923381628468633,1,1,6
BERT,worthlessness,the,0.24463882458856948,0.005966800599721207,-0.00198168957293926,41,15,7
BERT,worthlessness,it,0.23647649008848548,0.008154361727189155,-0.0017514922165562483,29,11,8
BERT,worthlessness,m,0.23605685249353955,0.018158219422579967,0.003704019082450807,13,9,9
BERT,worthlessness,my,0.23292281874933135,0.007278838085916605,-0.0009722035218345746,32,12,10
ClinicalBERT,anger,depression,0.4827340392047112,0.09654680784094224,-0.09654680784094224,5,4,1
ClinicalBERT,anger,i,0.27163880988202627,0.0027438263624447097,-0.00029639790920820493,99,12,2
ClinicalBERT,anger,strong,0.26403583376668394,0.26403583376668394,-0.26403583376668394,1,1,3
ClinicalBERT,anger,ignorance,0.2600998356938362,0.2600998356938362,0.2600998356938362,1,1,4
ClinicalBERT,anger,to,0.2397782115029174,0.0041341070948778865,-0.0007275077371861314,58,11,5
ClinicalBERT,anger,the,0.21541422505592156,0.005254005489168818,-0.0011076212489872417,41,15,6
ClinicalBERT,anger,but,0.21449391813842728,0.017874493178202274,-0.017748907481664033,12,10,7
ClinicalBERT,anger,is,0.2033413708391623,0.008472557118298429,-0.005679354339434735,24,12,8
ClinicalBERT,anger,my,0.19470175613961527,0.006084429879362977,0.0030382817587388243,32,12,9
ClinicalBERT,anger,tired,0.187678677320946,0.093839338660473,0.093839338660473,2,2,10
ClinicalBERT,brain dysfunction (forget),i,0.30956052013326396,0.00312687394074004,0.0005564956614240819,99,12,1
ClinicalBERT,brain dysfunction (forget),the,0.2477873552099899,0.006043594029511949,-0.005344675899554938,41,15,2
ClinicalBERT,brain dysfunction (forget),mentally,0.21976831555366516,0.21976831555366516,0.21976831555366516,1,1,3
ClinicalBERT,brain dysfunction (forget),to,0.15809484445619362,0.0027257731802792003,-0.0015696789468255458,58,11,4
ClinicalBERT,brain dysfunction (forget),my,0.14880269868694315,0.0046500843339669735,-0.00019014320716104427,32,12,5
ClinicalBERT,brain dysfunction (forget),nothing,0.13501324850664526,0.02700264970132905,0.026778465897929003,5,3,6
ClinicalBERT,brain dysfunction (forget),you,0.13405454779977133,0.013405454779977132,-0.010690434482261072,10,6,7
ClinicalBERT,brain dysfunction (forget),is,0.1307368419666505,0.0054473684152771045,-0.004150111762726746,24,12,8
ClinicalBERT,brain dysfunction (forget),life,0.11829598670373631,0.01689942667196233,-0.0148128759705971,7,4,9
ClinicalBERT,brain dysfunction (forget),and,0.11268313334800667,0.003045490090486667,-0.002417235326323483,37,14,10
ClinicalBERT,emptiness,i,0.41579972710367147,0.004199997243471429,0.0027957771864760505,99,12,1
ClinicalBERT,emptiness,nothing,0.37321051022250806,0.07464210204450161,0.07464210204450161,5,3,2
ClinicalBERT,emptiness,alone,0.23053701467147428,0.11526850733573714,0.11526850733573714,2,2,3
ClinicalBERT,emptiness,to,0.1808411964207121,0.003117951662426071,0.00064631811161399,58,11,4
ClinicalBERT,emptiness,silence,0.15369777823798358,0.15369777823798358,0.15369777823798358,1,1,5
ClinicalBERT,emptiness,the,0.15262380707297354,0.003722531879828623,-0.0020201803211454036,41,15,6
ClinicalBERT,emptiness,me,0.15204761811692513,0.00490476187473952,0.001503105714665501,31,11,7
ClinicalBERT,emptiness,my,0.1427978776508581,0.004462433676589316,0.0019006082245769413,32,12,8
ClinicalBERT,emptiness,and,0.14177975097632287,0.0038318851615222397,-0.0023627208843567116,37,14,9
ClinicalBERT,emptiness,nobody,0.1128942409530282,0.0564471204765141,0.0564471204765141,2,1,10
ClinicalBERT,hopelessness,i,0.43701787470406744,0.004414321966707752,0.002632262476884394,99,12,1
ClinicalBERT,hopelessness,depression,0.3621588926315328,0.07243177852630656,0.07243177852630656,5,4,2
ClinicalBERT,hopelessness,the,0.23686285492885617,0.005777142803142833,0.0022788610002154688,41,15,3
ClinicalBERT,hopelessness,nothing,0.22918428539767857,0.04583685707953571,0.04583685707953571,5,3,4
ClinicalBERT,hopelessness,me,0.20612965806592165,0.006649343808578118,0.0018698938925330144,31,11,5
ClinicalBERT,hopelessness,ignorance,0.1921908026561141,0.1921908026561141,0.1921908026561141,1,1,6
ClinicalBERT,hopelessness,and,0.19101868928457327,0.00516266727796144,-0.002437396172181421,37,14,7
ClinicalBERT,hopelessness,to,0.17766808404682896,0.0030632428283936027,0.00106866028497003,58,11,8
ClinicalBERT,hopelessness,my,0.17393356606573535,0.0054354239395542295,0.0029564871577802197,32,12,9
ClinicalBERT,hopelessness,destroying,0.16774590965360403,0.16774590965360403,0.16774590965360403,1,1,10
ClinicalBERT,loneliness,i,0.41078589314950087,0.004149352456055564,0.0028871026928911758,99,12,1
ClinicalBERT,loneliness,alone,0.3665813941058659,0.18329069705293294,0.18329069705293294,2,2,2
ClinicalBERT,loneliness,nothing,0.3196984863196038,0.06393969726392076,0.06393969726392076,5,3,3
ClinicalBERT,loneliness,to,0.2287752558127522,0.003944400962288831,0.002047090046439471,58,11,4
ClinicalBERT,loneliness,loneliness,0.21357111389737665,0.10678555694868833,0.10678555694868833,2,1,5
ClinicalBERT,loneliness,silence,0.20001509063877165,0.20001509063877165,0.20001509063877165,1,1,6
ClinicalBERT,loneliness,depression,0.18313939619001285,0.03662787923800257,-0.03662787923800257,5,4,7
ClinicalBERT,loneliness,me,0.18004327987923613,0.005807847738039875,0.0037700974167865875,31,11,8
ClinicalBERT,loneliness,the,0.17850720274133208,0.004353834213203222,-0.0015255025831951464,41,15,9
ClinicalBERT,loneliness,my,0.1572344962507149,0.0049135780078348405,0.0030571793711415872,32,12,10
ClinicalBERT,sadness,depression,0.49756831249224176,0.09951366249844835,0.09951366249844835,5,4,1
ClinicalBERT,sadness,i,0.36307724168862243,0.003667446885743661,0.002730149011691841,99,12,2
ClinicalBERT,sadness,the,0.2519035537131402,0.006143989114954639,0.005062094790037832,41,15,3
ClinicalBERT,sadness,to,0.18577932063697392,0.0032030917351202398,0.0025970889865219284,58,11,4
ClinicalBERT,sadness,life,0.18118389468066967,0.025883413525809952,0.025883413525809952,7,4,5
ClinicalBERT,sadness,me,0.16108208642186353,0.005196196336189146,0.004368436917826308,31,11,6
ClinicalBERT,sadness,my,0.15220617782326795,0.0047564430569771235,0.0035590712557692643,32,12,7
ClinicalBERT,sadness,is,0.1513217171033859,0.006305071545974413,0.005308893556162903,24,12,8
ClinicalBERT,sadness,worst,0.14429570336002284,0.07214785168001142,0.07214785168001142,2,2,9
ClinicalBERT,sadness,nothing,0.1394211888443781,0.02788423776887562,0.02788423776887562,5,3,10
ClinicalBERT,suicide intent,to,0.24401954364948042,0.0042072335111979385,0.0023750661413537853,58,11,1
ClinicalBERT,suicide intent,dying,0.21035722689703107,0.21035722689703107,0.21035722689703107,1,1,2
ClinicalBERT,suicide intent,i,0.20028864099125188,0.002023117585770221,0.0005795183423762952,99,12,3
ClinicalBERT,suicide intent,die,0.14787643239833415,0.14787643239833415,0.14787643239833415,1,1,4
ClinicalBERT,suicide intent,depression,0.14089119232433434,0.02817823846486687,0.02817823846486687,5,4,5
ClinicalBERT,suicide intent,me,0.13989805865812646,0.004512840601875047,0.0023913972631154712,31,11,6
ClinicalBERT,suicide intent,the,0.12903306757197586,0.0031471479895603866,-0.002633792676957981,41,15,7
ClinicalBERT,suicide intent,maybe,0.11256304331233397,0.022512608662466793,-0.0209251208224766,5,2,8
ClinicalBERT,suicide intent,died,0.10913824698045141,0.10913824698045141,0.10913824698045141,1,1,9
ClinicalBERT,suicide intent,is,0.0979501766464946,0.004081257360270608,-0.0024491473013045005,24,12,10
ClinicalBERT,worthlessness,i,0.42512718296465046,0.004294213969339903,0.0024646978009223277,99,12,1
ClinicalBERT,worthlessness,nothing,0.33999726012547765,0.06799945202509552,0.06799945202509552,5,3,2
ClinicalBERT,worthlessness,destroying,0.25280581309925765,0.25280581309925765,0.25280581309925765,1,1,3
ClinicalBERT,worthlessness,ignorance,0.2479940066114068,0.2479940066114068,0.2479940066114068,1,1,4
ClinicalBERT,worthlessness,and,0.2136002607860065,0.005772980021243419,-0.003876054631852606,37,14,5
ClinicalBERT,worthlessness,to,0.20125289937506802,0.003469877575432207,-0.0005427969268787587,58,11,6
ClinicalBERT,worthlessness,me,0.20008434867973665,0.006454333828378601,0.0005013896337577737,31,11,7
ClinicalBERT,worthlessness,the,0.18871284324791557,0.004602752274339404,0.0006764370625740047,41,15,8
ClinicalBERT,worthlessness,my,0.18512935463780952,0.005785292332431548,0.0027857422972220754,32,12,9
ClinicalBERT,worthlessness,is,0.154706483640193,0.0064461034850080414,0.0021218139717649413,24,12,10
MentalBERT,anger,depression,0.694892417639979,0.1389784835279958,-0.1389784835279958,5,4,1
MentalBERT,anger,i,0.5496276105228897,0.005725287609613434,6.974295004410839e-05,96,12,2
MentalBERT,anger,is,0.3463963171863109,0.014433179882762956,-0.0005974943220371289,24,12,3
MentalBERT,anger,to,0.3452058182525776,0.005951824452630649,0.0008839836471669651,58,11,4
MentalBERT,anger,ignorance,0.31485147250350565,0.31485147250350565,0.31485147250350565,1,1,5
MentalBERT,anger,destroying,0.2997861240291968,0.2997861240291968,0.2997861240291968,1,1,6
MentalBERT,anger,and,0.2433741617378251,0.006577680046968246,0.000927218744806091,37,14,7
MentalBERT,anger,my,0.24306481937538096,0.007595775605480655,-0.0004269213715517229,32,12,8
MentalBERT,anger,tired,0.21256231474237414,0.10628115737118707,0.09397591485402598,2,2,9
MentalBERT,anger,pressing,0.21179395337821916,0.21179395337821916,-0.21179395337821916,1,1,10
MentalBERT,brain dysfunction (forget),i,0.502382810985401,0.005233154281097927,0.0011499506886073917,96,12,1
MentalBERT,brain dysfunction (forget),my,0.23099656961190618,0.007218642800372068,0.0012554064912882685,32,12,2
MentalBERT,brain dysfunction (forget),to,0.21681684072885193,0.0037382213918767575,-0.0007619623961429592,58,11,3
MentalBERT,brain dysfunction (forget),me,0.2027215639129557,0.0065394052875147,0.0008307176411296532,31,11,4
MentalBERT,brain dysfunction (forget),drown,0.17631163611076772,0.17631163611076772,0.17631163611076772,1,1,5
MentalBERT,brain dysfunction (forget),the,0.15437835629155686,0.0037653257632087036,-0.00127958876813793,41,15,6
MentalBERT,brain dysfunction (forget),is,0.14195889352946328,0.00591495389706097,-0.0020348435668072853,24,12,7
MentalBERT,brain dysfunction (forget),and,0.13959618981725672,0.0037728699950609922,-0.0010431923060932411,37,14,8
MentalBERT,brain dysfunction (forget),of,0.127667765844737,0.006079417421177952,-0.00045577290819366606,21,12,9
MentalBERT,brain dysfunction (forget),but,0.11714801653968271,0.009762334711640225,-0.0002544582343189382,12,10,10
MentalBERT,emptiness,i,0.5594357211007727,0.005827455428133049,0.0005828522806613589,96,12,1
MentalBERT,emptiness,motionless,0.4934450384462252,0.4934450384462252,0.4934450384462252,1,1,2
MentalBERT,emptiness,nothing,0.48118289010001186,0.09623657802000238,0.09623657802000238,5,3,3
MentalBERT,emptiness,silence,0.36041269649285823,0.36041269649285823,0.36041269649285823,1,1,4
MentalBERT,emptiness,is,0.30855996680604525,0.01285666528358522,-0.0007933314667339285,24,12,5
MentalBERT,emptiness,and,0.2995907784265427,0.008097048065582235,0.001372745789472882,37,14,6
MentalBERT,emptiness,to,0.2803817147000953,0.00483416749482923,0.00031578462970770926,58,11,7
MentalBERT,emptiness,me,0.2294221564287601,0.00740071472350839,0.0019368414084877362,31,11,8
MentalBERT,emptiness,my,0.22236665066324954,0.006948957833226548,0.0026962847805990175,32,12,9
MentalBERT,emptiness,so,0.19943199467786127,0.033238665779643545,0.02495670579700292,6,5,10
MentalBERT,hopelessness,i,0.6034499870511094,0.006285937365115723,0.0017671409615226676,96,12,1
MentalBERT,hopelessness,nothing,0.46076531319330183,0.09215306263866037,0.09215306263866037,5,3,2
MentalBERT,hopelessness,ignorance,0.41118645993992686,0.41118645993992686,0.41118645993992686,1,1,3
MentalBERT,hopelessness,depression,0.3646067239897093,0.07292134479794185,0.07292134479794185,5,4,4
MentalBERT,hopelessness,and,0.328100269253452,0.008867574844687892,0.0029177939091458265,37,14,5
MentalBERT,hopelessness,destroying,0.3275440165307373,0.3275440165307373,0.3275440165307373,1,1,6
MentalBERT,hopelessness,motionless,0.29763983748853207,0.29763983748853207,0.29763983748853207,1,1,7
MentalBERT,hopelessness,to,0.28239847111011657,0.004868939157070975,0.0019388637054335667,58,11,8
MentalBERT,hopelessness,is,0.2812263263613622,0.011717763598390092,-0.00013901950830433907,24,12,9
MentalBERT,hopelessness,drown,0.27819575346075,0.27819575346075,0.27819575346075,1,1,10
MentalBERT,loneliness,i,0.4986671014609102,0.005194448973551148,-0.0014577563141905722,96,12,1
MentalBERT,loneliness,silence,0.48181455937447026,0.48181455937447026,0.48181455937447026,1,1,2
MentalBERT,loneliness,alone,0.44313930386625644,0.22156965193312822,0.22156965193312822,2,2,3
MentalBERT,loneliness,loneliness,0.4054099553642857,0.20270497768214285,0.20270497768214285,2,1,4
MentalBERT,loneliness,is,0.35163691236981576,0.01465153801540899,-0.00923471053694999,24,12,5
MentalBERT,loneliness,to,0.3399096326589007,0.005860510907912081,-0.00024117467757670748,58,11,6
MentalBERT,loneliness,depression,0.3370497706705161,0.06740995413410322,-0.06740995413410322,5,4,7
MentalBERT,loneliness,motionless,0.33177334163337946,0.33177334163337946,0.33177334163337946,1,1,8
MentalBERT,loneliness,the,0.2590218013659287,0.006317604911364115,-0.0048363443544035,41,15,9
MentalBERT,loneliness,and,0.25679122508506985,0.006940303380677563,-0.0013892019863371093,37,14,10
MentalBERT,sadness,depression,0.8490168958281477,0.16980337916562954,0.16980337916562954,5,4,1
MentalBERT,sadness,pressing,0.42825996363535523,0.42825996363535523,0.42825996363535523,1,1,2
MentalBERT,sadness,i,0.42080887989610577,0.004383425832251102,0.0018047956364688458,96,12,3
MentalBERT,sadness,and,0.2845204013705803,0.007689740577583252,0.004742849839901403,37,14,4
MentalBERT,sadness,is,0.2653780183884613,0.011057417432852554,0.0004922715655856419,24,12,5
MentalBERT,sadness,drown,0.2549858882557601,0.2549858882557601,0.2549858882557601,1,1,6
MentalBERT,sadness,my,0.24529231367089474,0.007665384802215461,0.003672275918831137,32,12,7
MentalBERT,sadness,to,0.23094716144662822,0.003981847611148762,0.0021907201354705646,58,11,8
MentalBERT,sadness,broken,0.22002568075064724,0.22002568075064724,0.22002568075064724,1,1,9
MentalBERT,sadness,heart,0.22002568075064724,0.22002568075064724,0.22002568075064724,1,1,10
MentalBERT,suicide intent,life,0.4194304007311175,0.05991862867587393,0.049765760800907825,7,4,1
MentalBERT,suicide intent,i,0.33953873959795866,0.0035368618708120692,0.001285231782931028,96,12,2
MentalBERT,suicide intent,dying,0.24138601764570922,0.24138601764570922,0.24138601764570922,1,1,3
MentalBERT,suicide intent,my,0.22824453982066678,0.007132641869395837,0.0023592989239816942,32,12,4
MentalBERT,suicide intent,to,0.22415035909910883,0.0038646613637777385,0.0014129797456870533,58,11,5
MentalBERT,suicide intent,destroying,0.16890539589803666,0.16890539589803666,0.16890539589803666,1,1,6
MentalBERT,suicide intent,me,0.13895674023963808,0.004482475491601228,0.002837419046054165,31,11,7
MentalBERT,suicide intent,is,0.1294480468281673,0.005393668617840304,-0.001398179130363079,24,12,8
MentalBERT,suicide intent,and,0.10347862203227237,0.0027967195143857398,0.0002841328213060348,37,14,9
MentalBERT,suicide intent,the,0.09516695621180321,0.002321145273458615,-0.0014954950409018072,41,15,10
MentalBERT,worthlessness,i,0.7393902847027342,0.0077019821323201475,0.001941343696853196,96,12,1
MentalBERT,worthlessness,ignorance,0.6016704840585589,0.6016704840585589,0.6016704840585589,1,1,2
MentalBERT,worthlessness,nothing,0.5178908596601424,0.10357817193202848,0.10357817193202848,5,3,3
MentalBERT,worthlessness,destroying,0.501883129007183,0.501883129007183,0.501883129007183,1,1,4
MentalBERT,worthlessness,to,0.3773045919575567,0.0065052515854751155,-0.00013991391860435532,58,11,5
MentalBERT,worthlessness,and,0.35044722047872434,0.009471546499424981,0.0009903471794543252,37,14,6
MentalBERT,worthlessness,the,0.30115942100692766,0.007345351731876284,-0.0007238028081877379,41,15,7
MentalBERT,worthlessness,my,0.29225636230660973,0.009133011322081554,-0.0014467370338323484,32,12,8
MentalBERT,worthlessness,is,0.2725773393089988,0.01135738913787495,0.001182438210719924,24,12,9
MentalBERT,worthlessness,me,0.26616588765789706,0.008585996376061196,0.0010104736278384585,31,11,10
RoBERTa,anger,depression,0.44839670421857764,0.08967934084371552,-0.08967934084371552,5,4,1
RoBERTa,anger,i,0.37493660185757677,0.0039055896026830915,-0.001233455331972791,96,12,2
RoBERTa,anger,destroying,0.36063092161202803,0.36063092161202803,0.36063092161202803,1,1,3
RoBERTa,anger,to,0.2927468553268925,0.005047359574601595,-0.0004578408054377158,58,11,4
RoBERTa,anger,is,0.2926341854630542,0.011705367418522168,-0.004106078385524936,25,13,5
RoBERTa,anger,mentally,0.24840279226191342,0.24840279226191342,-0.24840279226191342,1,1,6
RoBERTa,anger,life,0.2418212490129037,0.0345458927161291,-0.03408700573063945,7,4,7
RoBERTa,anger,of,0.21649329790976052,0.010309204662369549,0.004072056539389167,21,12,8
RoBERTa,anger,it,0.1938865684841536,0.006685743740832882,0.002130457595033896,29,11,9
RoBERTa,anger,and,0.18001629752997061,0.004865305338647855,0.0009020282854701529,37,14,10
RoBERTa,brain dysfunction (forget),i,0.4076387182325703,0.004246236648255941,0.0015784898075866976,96,12,1
RoBERTa,brain dysfunction (forget),depressing,0.17189385343226604,0.17189385343226604,-0.17189385343226604,1,1,2
RoBERTa,brain dysfunction (forget),ign,0.17042255075648427,0.17042255075648427,0.17042255075648427,1,1,3
RoBERTa,brain dysfunction (forget),me,0.16862408883119878,0.005439486736490283,-0.002456067610332106,31,11,4
RoBERTa,brain dysfunction (forget),to,0.1545605861007567,0.002664837691392357,-0.0007285752088278496,58,11,5
RoBERTa,brain dysfunction (forget),nothing,0.13409240000702166,0.026818480001404334,0.02668736284541095,5,3,6
RoBERTa,brain dysfunction (forget),my,0.12925966085387838,0.0040393644016836995,0.0004740492891286766,32,12,7
RoBERTa,brain dysfunction (forget),the,0.11993568016380575,0.0029252604918001404,0.00038388685992506963,41,15,8
RoBERTa,brain dysfunction (forget),less,0.1187887053680329,0.05939435268401645,0.05939435268401645,2,2,9
RoBERTa,brain dysfunction (forget),is,0.11250442318692355,0.004500176927476942,-0.0016231990449254825,25,13,10
RoBERTa,emptiness,nothing,0.8132822692212598,0.16265645384425195,0.16265645384425195,5,3,1
RoBERTa,emptiness,i,0.5125236453390434,0.0053387879722817016,0.0019800759607715747,96,12,2
RoBERTa,emptiness,less,0.3769182198311365,0.18845910991556825,0.18454272620830803,2,2,3
RoBERTa,emptiness,empty,0.3415236743250197,0.3415236743250197,0.3415236743250197,1,1,4
RoBERTa,emptiness,silence,0.3257865031482652,0.3257865031482652,0.3257865031482652,1,1,5
RoBERTa,emptiness,nobody,0.31441604024730624,0.15720802012365312,0.15720802012365312,2,1,6
RoBERTa,emptiness,ign,0.27344343170989305,0.27344343170989305,0.27344343170989305,1,1,7
RoBERTa,emptiness,to,0.2381114560171298,0.004105369931329824,-0.0001075320919963431,58,11,8
RoBERTa,emptiness,the,0.23794036684005504,0.005803423581464757,-0.0021348859471379085,41,15,9
RoBERTa,emptiness,no,0.2319463506810847,0.023194635068108472,0.022473745394627452,10,6,10
RoBERTa,hopelessness,i,0.8279026391611232,0.008623985824595034,0.005070160167990403,96,12,1
RoBERTa,hopelessness,nothing,0.6326341916594859,0.12652683833189718,0.12652683833189718,5,3,2
RoBERTa,hopelessness,depressing,0.4866200641845353,0.4866200641845353,0.4866200641845353,1,1,3
RoBERTa,hopelessness,tired,0.4660595448804088,0.2330297724402044,0.2330297724402044,2,2,4
RoBERTa,hopelessness,destroying,0.4009761802153662,0.4009761802153662,0.4009761802153662,1,1,5
RoBERTa,hopelessness,is,0.39985511765126536,0.015994204706050615,0.009923987140766612,25,13,6
RoBERTa,hopelessness,depression,0.3743460517199267,0.07486921034398533,0.07486921034398533,5,4,7
RoBERTa,hopelessness,to,0.3377360906141787,0.005823036045072046,0.002075952027241142,58,11,8
RoBERTa,hopelessness,ign,0.3101435377029702,0.3101435377029702,0.3101435377029702,1,1,9
RoBERTa,hopelessness,the,0.2876287392566723,0.007015335103821276,0.0010606743397115902,41,15,10
RoBERTa,loneliness,alone,0.8079324086429551,0.40396620432147756,0.40396620432147756,2,2,1
RoBERTa,loneliness,depression,0.514264072252055,0.10285281445041099,-0.10285281445041099,5,4,2
RoBERTa,loneliness,me,0.4919613315704471,0.015869720373240227,0.010690576744638025,31,11,3
RoBERTa,loneliness,i,0.48062042744590094,0.005006462785894801,0.000984559025685439,96,12,4
RoBERTa,loneliness,silence,0.42113892146153376,0.42113892146153376,0.42113892146153376,1,1,5
RoBERTa,loneliness,less,0.3367881170538668,0.1683940585269334,0.16518228781319017,2,2,6
RoBERTa,loneliness,the,0.31499200512140263,0.007682731832229332,-0.0037492105315846884,41,15,7
RoBERTa,loneliness,to,0.31284263325335043,0.005393838504368111,0.0005933912926079415,58,11,8
RoBERTa,loneliness,empty,0.2818182028824508,0.2818182028824508,0.2818182028824508,1,1,9
RoBERTa,loneliness,is,0.2711070804201525,0.0108442832168061,-0.004668175172902942,25,13,10
RoBERTa,sadness,depression,1.3967719902242866,0.2793543980448573,0.2793543980448573,5,4,1
RoBERTa,sadness,depressing,0.5739822324831039,0.5739822324831039,0.5739822324831039,1,1,2
RoBERTa,sadness,i,0.5456806566451083,0.0056841735067198786,0.004145468966531443,96,12,3
RoBERTa,sadness,broken,0.5269402526998116,0.5269402526998116,0.5269402526998116,1,1,4
RoBERTa,sadness,tired,0.4837262091071656,0.2418631045535828,0.2418631045535828,2,2,5
RoBERTa,sadness,is,0.4085975665086666,0.016343902660346663,0.008638059969086726,25,13,6
RoBERTa,sadness,to,0.3317941897269376,0.0057205894780506476,0.0029894022658709164,58,11,7
RoBERTa,sadness,the,0.25780370894020516,0.006287895340005004,0.001827057906162488,41,15,8
RoBERTa,sadness,my,0.24196977910145523,0.007561555596920476,0.0030607968374044866,32,12,9
RoBERTa,sadness,destroying,0.22369464964140207,0.22369464964140207,0.22369464964140207,1,1,10
RoBERTa,suicide intent,destroying,0.2947605345980264,0.2947605345980264,0.2947605345980264,1,1,1
RoBERTa,suicide intent,i,0.23513894782233963,0.002449364039816038,0.0009400223822463831,96,12,2
RoBERTa,suicide intent,life,0.20880827746956446,0.029829753924223493,0.028433740736421433,7,4,3
RoBERTa,suicide intent,to,0.14726701077509677,0.0025390863926740823,0.0009434716327623308,58,11,4
RoBERTa,suicide intent,dying,0.13043726125033572,0.13043726125033572,0.13043726125033572,1,1,5
RoBERTa,suicide intent,die,0.12753971052976945,0.12753971052976945,0.12753971052976945,1,1,6
RoBERTa,suicide intent,own,0.11298772961747883,0.056493864808739414,0.05586077885356551,2,2,7
RoBERTa,suicide intent,her,0.10758863434117907,0.02689715858529477,0.02689715858529477,4,2,8
RoBERTa,suicide intent,my,0.10242303735218918,0.0032007199172559117,0.002320695703565015,32,12,9
RoBERTa,suicide intent,and,0.07983109997813992,0.0021575972967064843,0.00019907922424099265,37,14,10
RoBERTa,worthlessness,i,0.8463632170214412,0.008816283510640012,0.003451541796750998,96,12,1
RoBERTa,worthlessness,nothing,0.7273484918331249,0.145469698366625,0.145469698366625,5,3,2
RoBERTa,worthlessness,tired,0.4716370147652924,0.2358185073826462,0.2358185073826462,2,2,3
RoBERTa,worthlessness,ign,0.4587818740401417,0.4587818740401417,0.4587818740401417,1,1,4
RoBERTa,worthlessness,destroying,0.384059697156772,0.384059697156772,0.384059697156772,1,1,5
RoBERTa,worthlessness,it,0.3276486206422981,0.01129822829801028,0.001391370231814236,29,11,6
RoBERTa,worthlessness,is,0.3194022663697942,0.012776090654791768,0.00905030294824598,25,13,7
RoBERTa,worthlessness,depressing,0.3190184132545255,0.3190184132545255,0.3190184132545255,1,1,8
RoBERTa,worthlessness,me,0.31150120625198163,0.01004842600812844,-0.00044614972860869883,31,11,9
RoBERTa,worthlessness,to,0.309949080895896,0.005343949670618897,-0.0007877057593214511,58,11,10
