Model,ID,Emotion,Error_Type,Probability,Threshold,Confidence_Margin,True_Labels,Text
ClinicalBERT,ytnsnb,hopelessness,False Positive,0.9801293,0.34,0.6401292999999999,sadness,I'm tired of being me ### Who else is tired of being themselves? I wish I was someone else. Someone with a better life who was happier. I would not want my life.
MentalBERT,kg44cr,hopelessness,False Positive,0.98955137,0.35,0.6395513700000001,emptiness | sadness | suicide intent | worthlessness,Deleted my Instagram account. ### Sick of the fake happiness.
RoBERTa,i3xump,suicide intent,False Positive,0.9887988,0.35,0.6387988,sadness,"Just launched a free app for finding support and mental health advice from peers and professionals called Avalo. (www.avalo.app) ### Was suicidal myself several years ago, decided to try and make a social app that makes it easier to find peer and professional mental health support and advice. more at [www.avalo.app](https://www.avalo.app). Thanks for checking it out if you do, 100% anonymous & free."
MentalBERT,i1ec30,hopelessness,False Positive,0.9881309,0.35,0.6381309000000001,emptiness | loneliness | sadness | worthlessness,"I’m not important (enough) to my friends ### I’m always the one who ask to hang out and meet and if I don’t do that then I’ll be lonely and at home. I’m not the person to be like ‘I asked you so you have to ask me now’ but it would feel nice to feel a wanted enough so people hit you up on their own. Ironically I just tried to tell my best friend about that problem but she told me she doesn’t have time bc she’s sleeping over at her crushes place. I’m really hurt about all of that and I would feel like I’m loosing my dignity even more if I confronted anyone about this because then (if they would change) they would change because I told them, not because I’m important to them. I start spiraling into a black hole when I’m not with friends for a while, I start getting worse and that aching loneliness gets even stronger than it is normally. I hate this feeling so so much."
MentalBERT,17a2cml,loneliness,False Positive,0.9878996,0.35,0.6378996,anger | hopelessness | sadness | worthlessness,I'm trying so hard but just....feel like it's not enough ### I've spent a good amount of my life dedicated to taking care of others...ik im not perfect but...this person I knew and had cared for doesnt talk to me as much anymore...and now here she is talking to other people normally when it takes weeks and she makes excuses....why....why the fuck the people I care about just....hate me...ik I've made mistakes ik im not perfect but I try....I try so fucken hard...but its not enough to be good enough for them....this fucken hurts...it does...its like having the best friends in the world...then they stop talking...not bc their busy but bc they just don't see u in their life yk...I dont have many friends nor do I have much to do in my life but...I just wanna be good enough....good enough to handle work and my life better then how I am rn...but I can't when shit like drama or people ruin it for me...why and where did I fuck up
RoBERTa,kg44cr,hopelessness,False Positive,0.98667485,0.35,0.63667485,emptiness | sadness | suicide intent | worthlessness,Deleted my Instagram account. ### Sick of the fake happiness.
MentalBERT,mnnvpg,suicide intent,False Positive,0.98651993,0.35,0.6365199300000001,anger | emptiness | hopelessness | loneliness | sadness | worthlessness,"Yesterday my girlfriend died ### I found her in the bathtub, just lying there. I don't know what to do. I don't think she ment to kill herself she been cutting for ages"
MentalBERT,15b612t,suicide intent,False Positive,0.9863105,0.35,0.6363105,hopelessness | sadness,"My girlfriend is the only thing keeping me going ### I have been going in and out of depressive episodes for about 4 years, and I’m so fucking over it. I just want to be dead at this point because every time I get better I eventually become so much fucking worse. I’m chronically bored, I have so many things I could do but non of them interest me anymore. The only time I feel actually happy is when I’m with my girlfriend, and even then the moment she leaves I feel myself immediately slip back into sadness and apathy. I can’t tell her, cause I know it will destroy her. I told her about my past depressive episodes and she was so devastated, I can’t make her feel that way again. I don’t think I’m living to the end of the summer, hell this might be my last post. I feel like I just needed to vent to someone who isn’t my friends. I can’t burden them anymore if I’m gone. Ava I love you, and I’m sorry if I end up killing myself just know it wasn’t you."
MentalBERT,14uhyn7,anger,False Positive,0.98555213,0.35,0.63555213,hopelessness | sadness,"Just disappointed ### I literally had all my eggs in 1 basket. Trusted everything about our marriage and longevity. And I’m not sad and angry anymore even tho it does kick in every now and then, I’m just disappointed. I had a career for 12 years, decided to change it and do something different. After 5 months working there, she filed for divorce. And because of that, I had to quit my job for custody with my kids. And we also used the rest of my 401k literally 3 months before filing.. Im literally starting all over again, this time with 3 kids.. Im just so fucking disappointed."
ClinicalBERT,14uhyn7,anger,False Positive,0.9747731,0.34,0.6347730999999999,hopelessness | sadness,"Just disappointed ### I literally had all my eggs in 1 basket. Trusted everything about our marriage and longevity. And I’m not sad and angry anymore even tho it does kick in every now and then, I’m just disappointed. I had a career for 12 years, decided to change it and do something different. After 5 months working there, she filed for divorce. And because of that, I had to quit my job for custody with my kids. And we also used the rest of my 401k literally 3 months before filing.. Im literally starting all over again, this time with 3 kids.. Im just so fucking disappointed."
ClinicalBERT,17drv0g,sadness,False Positive,0.97467697,0.34,0.6346769699999999,brain dysfunction (forget) | emptiness | hopelessness | loneliness | worthlessness,"Antidepressants destroyed me, I think I'm out ### I haven't been depressed, I was living my best life. Just mildly anxious and stressed because of work. I went to psychiatrist which was the worst decision of my life. SSRIs destroyed my health, my sexual life, my emotions, my feelings, gave me permanent tinnitus, destroyed my cognition, made me stupid, destroyed my eyesight, my family relations, made me alone with no friends, destroyed my reward system, destroyed my physical health, messed badly with my hormones. I don't want to live like that anymore. I've been trying everything in last couple of months to get better, nothing seems to work. I think I'm signing out of this world soon."
RoBERTa,i1ec30,hopelessness,False Positive,0.98439646,0.35,0.63439646,emptiness | loneliness | sadness | worthlessness,"I’m not important (enough) to my friends ### I’m always the one who ask to hang out and meet and if I don’t do that then I’ll be lonely and at home. I’m not the person to be like ‘I asked you so you have to ask me now’ but it would feel nice to feel a wanted enough so people hit you up on their own. Ironically I just tried to tell my best friend about that problem but she told me she doesn’t have time bc she’s sleeping over at her crushes place. I’m really hurt about all of that and I would feel like I’m loosing my dignity even more if I confronted anyone about this because then (if they would change) they would change because I told them, not because I’m important to them. I start spiraling into a black hole when I’m not with friends for a while, I start getting worse and that aching loneliness gets even stronger than it is normally. I hate this feeling so so much."
ClinicalBERT,16ydabm,worthlessness,False Positive,0.97313875,0.34,0.6331387500000001,anger | hopelessness | sadness | suicide intent,I wanna die. ### I wanna die. I wanna die. I wanna die. I wanna die. I wanna die. I wanna die.
MentalBERT,16yak8f,hopelessness,False Positive,0.9830851,0.35,0.6330851000000001,loneliness | suicide intent,"I’ve decided to live ### I guess I’ll try a little bit longer. I can’t do it as I have though. I’m trying something new, I’m exiling myself from humanity"
ClinicalBERT,15b612t,suicide intent,False Positive,0.97288233,0.34,0.6328823299999999,hopelessness | sadness,"My girlfriend is the only thing keeping me going ### I have been going in and out of depressive episodes for about 4 years, and I’m so fucking over it. I just want to be dead at this point because every time I get better I eventually become so much fucking worse. I’m chronically bored, I have so many things I could do but non of them interest me anymore. The only time I feel actually happy is when I’m with my girlfriend, and even then the moment she leaves I feel myself immediately slip back into sadness and apathy. I can’t tell her, cause I know it will destroy her. I told her about my past depressive episodes and she was so devastated, I can’t make her feel that way again. I don’t think I’m living to the end of the summer, hell this might be my last post. I feel like I just needed to vent to someone who isn’t my friends. I can’t burden them anymore if I’m gone. Ava I love you, and I’m sorry if I end up killing myself just know it wasn’t you."
RoBERTa,io6equ,hopelessness,False Positive,0.9827572,0.35,0.6327572,anger | sadness | suicide intent,"I nearly killed myself today ### My mum just left the house, I wrote my suicide note and had different sections for different people. I tied a rope to the stair banisters and tried partial hanging. I could feel my self start to go, I was feeling numb all over and dizzy, my breath stopped. Then out of nowhere I just pulled myself up and got my head out the noose. I nearly started crying on the stairs and punched the wall. No matter how many fucking times I try I can’t do it. It’s not just human will to live, there’s a part of me that won’t let me kill myself. Idk whether it’s hope or resilience but I can’t do it."
MentalBERT,16x0j34,worthlessness,False Positive,0.98262435,0.35,0.6326243500000001,brain dysfunction (forget) | hopelessness | loneliness | sadness | suicide intent,"I'm so tired ### Sometimes I want to just walk into the forest, and never come back.."
MentalBERT,io6equ,hopelessness,False Positive,0.9825575,0.35,0.6325575,anger | sadness | suicide intent,"I nearly killed myself today ### My mum just left the house, I wrote my suicide note and had different sections for different people. I tied a rope to the stair banisters and tried partial hanging. I could feel my self start to go, I was feeling numb all over and dizzy, my breath stopped. Then out of nowhere I just pulled myself up and got my head out the noose. I nearly started crying on the stairs and punched the wall. No matter how many fucking times I try I can’t do it. It’s not just human will to live, there’s a part of me that won’t let me kill myself. Idk whether it’s hope or resilience but I can’t do it."
ClinicalBERT,kgz6ct,loneliness,False Positive,0.9725193,0.34,0.6325193,brain dysfunction (forget),"Has anyone else forgotten what’s it’s like to have friends? ### It’s been so long since I’ve been with any of my friends. I just want to hang out with them, text them, play games with them, have a best friend to go through life with. I got none of that."
ClinicalBERT,17ai4l6,sadness,False Positive,0.97246706,0.34,0.63246706,emptiness | loneliness,"I'm supposed to be fine ### A while ago I was diagnosed with depression and anxiety (I'm 17) and I was prescribed fluoxetine, alpram and vitamin B for 3 months. After that I felt better and stopped going to the psychiatrist, I'm supposed to be better, in fact I often feel that way but it's momentary. Maybe it's just lows but I always feel that lonely again. A few weeks ago I started cutting myself and I really feel lost, I feel like I can't escape my cruelest memories. I stopped exercising, eating well, and stopped my skin care routine for a while. I feel like I'm recovering everything little by little but I have no idea...help"
RoBERTa,wt5fx5,worthlessness,False Positive,0.98187524,0.35,0.6318752400000001,brain dysfunction (forget) | hopelessness | loneliness | sadness,"Does anyone else feel like God has forgotten about you. ### I've never been religious really but, I believe in God and the devil. I just feel like he's forgotten about me or just let the devil have me. No one in this world cares about me except when I can do something for them. Every time I try and make friends or a relationship I always get burnt and called an asshole. I'm only 19 and so tired of life, and my brain won't just let me end it. Idk if to be happy that I wouldn't be able to do it or to be upset that I can't even control something like that in my life. Please someone tell me what I'm doing wrong"
RoBERTa,k3mu97,suicide intent,False Positive,0.98155975,0.35,0.63155975,hopelessness | sadness | worthlessness,"I claim that I don’t know what is causing me to get no sleep, but I really just don’t want to talk about it. ### I have yet to be diagnosed with ptsd, only because I really don’t want to talk about that day. 4 years ago my best friend had taken her own life. I’m not going to give any details because they’re not important (and They’re mostly triggering) that day I saw everything, and she was still “alive” and was brought to the hospital, and I just left because I couldn’t watch her like that. Every 5 minutes of every day I forget that she is gone. I don’t sleep because if I do I wake up and it hurts. I do not sleep because every time I close my eyes I just see her staring at me crying as of that day when everything happened. I can’t bring myself to talk about it, not many people know, not even my parents know and no one believes me and What I saw hurts me and it really hurts me that no one can just believe me. I don’t know what to do."
RoBERTa,m53bru,anger,False Positive,0.98138225,0.35,0.63138225,brain dysfunction (forget) | hopelessness | worthlessness,PTSD is literally kicking my ass ### I don’t know what else to say
MentalBERT,oegrmx,worthlessness,False Positive,0.98134655,0.35,0.6313465500000001,emptiness | hopelessness | sadness | suicide intent,"God, I wish I was never born. ### There's nothing that sounds more appealing to me than never having to deal with problems again. I don't care about the little things, I don't care about sunrises and good food and love and travel or anything. I want to stop being conscious, point blank. I'd rather not think or feel anything than aspire to anything. I've wanted to die since I was seven years old, and yeah I've experienced good things in life, but that doesn't change the fact that I'd rather not experience anything, good or bad."
RoBERTa,ytnsnb,hopelessness,False Positive,0.9812749,0.35,0.6312749,sadness,I'm tired of being me ### Who else is tired of being themselves? I wish I was someone else. Someone with a better life who was happier. I would not want my life.
ClinicalBERT,wt5fx5,worthlessness,False Positive,0.9700703,0.34,0.6300703000000001,brain dysfunction (forget) | hopelessness | loneliness | sadness,"Does anyone else feel like God has forgotten about you. ### I've never been religious really but, I believe in God and the devil. I just feel like he's forgotten about me or just let the devil have me. No one in this world cares about me except when I can do something for them. Every time I try and make friends or a relationship I always get burnt and called an asshole. I'm only 19 and so tired of life, and my brain won't just let me end it. Idk if to be happy that I wouldn't be able to do it or to be upset that I can't even control something like that in my life. Please someone tell me what I'm doing wrong"
ClinicalBERT,119moci,sadness,False Positive,0.9693822,0.34,0.6293822,hopelessness,"The only reason I’m alive is so other people are not unhappy. ### I really don’t want to be here. Im not even really sad, I don’t cry, I don’t hurt myself and I don’t want to (sorta). My days are filled with complete boredom or mindless time wasting. I really hate it and I don’t think my life or really any life, is precious. The only reason I continue to choose to be here is because I have people that love me, parents, siblings, ect. They would be heartbroken if something happened to me. And that might sound hopeful or inspirational but honestly, it’s a burden."
RoBERTa,rnbdgh,sadness,False Positive,0.97931457,0.35,0.62931457,hopelessness | worthlessness,"i'm not suicidal but i also don't want to exist? ### for as long as i can remember, i know i'm not suicidal but i wish i didn't exist. i constantly feel like an inconvenience for everyone and everything. i wish i could die but i also know that would just make me more of an inconvenience to everyone. so as much as i want to die, i know i will prob never act on it. even at the lowest point of my depression, i never committed only because i didn't want to be more of an inconvenience to the ppl around me. does that make sense? i've never rly put this feeling into words so i'm not sure if it did, but has anyone else felt this way before?"
RoBERTa,17cvt9e,hopelessness,False Positive,0.9789554,0.35,0.6289554,brain dysfunction (forget) | worthlessness,"Halfway gone ### I feel like I need to be reminded that someone cares about me or else I forget I’m a real person. Like I’m hosting a bridal shower this weekend and I just feel very confused about it like I’m ready for it I just don’t feel like I deserve to be in this position. I probably have a huge disassociation problem and idk how u fix that. How do u get back into the real world when ur mind is in day dreams, the people in the real world don’t care about you, and u don’t wanna be in the real world?? How do u enter it??? How do u accept it and own your own life???"
ClinicalBERT,11u6nw2,suicide intent,False Positive,0.9686196,0.34,0.6286196,hopelessness | loneliness | sadness,Are there reasons to live? ### Life has been beating the crap out of me. I prevented other people's suicide and I've been a source of strength for others but... No one is for me. I'm all alone and I haven't been man enough to end it all for good. &#x200B; Is there actually a reason to keep going?
ClinicalBERT,13nhb9t,worthlessness,False Positive,0.9685006,0.34,0.6285006,anger | emptiness | hopelessness | loneliness | sadness,Trying so hard to distract myself from my misery and nothing is working. Nothing works. I feel like I’m living a nightmare I’ll never wake up from. I feel like I’m suffocating and I can’t scream for help. ### I’m just fucking sorry I don’t even know anymore Edit. Im sorry. If I snapped at a few of you. There’s no excuse I’m just not feeling like I’m in control of any thing. I know good advice or bad anyone who had commented took a moment of their time to try and help a stranger out which is beautiful and i appreciate the essence of that. I’m just really not okay.
MentalBERT,r1abhy,emptiness,False Positive,0.97826034,0.35,0.62826034,anger | hopelessness | loneliness | sadness | suicide intent | worthlessness,I think it's time I just give up. I've never really had but one friend. My wife who died at 23. My family abused and abandoned me since I was a child. I'm 38 now. I've been through so much more than this. Things will never be ok for me. ### I've been homeless for over a year completely. I'm living in a tent in the desert with no one to talk to and no one that cares. I haven't really had a home in near 15 years. Since I lost my wife. I was in a group home a lot of that time. Where things were just made worse. I was attacked multiple times and had to leave due to another roommate bringing weapons into the house and threatening to kill me then himself if I wouldn't kill him. There's been so much more I've gone through it never stops. I can't keep on suffering and being forgotten much longer. I'm just done.
MentalBERT,ytnsnb,hopelessness,False Positive,0.9780936,0.35,0.6280936,sadness,I'm tired of being me ### Who else is tired of being themselves? I wish I was someone else. Someone with a better life who was happier. I would not want my life.
ClinicalBERT,iarici,anger,False Positive,0.9673486,0.34,0.6273485999999999,hopelessness | worthlessness,"My dark fetishes ### So I’m pretty sure I’m mentally ill n shit and i hate it. I have a rape and pedo fetish and i hate it so fucking much. I hate the fact that i get turned on by someone else’s traumatic incidents. I am getting therapy before it gets worse but the fact that i have it is sickening. I hate it so so much. I’ve never told anyone. Not even my family. Seeing so many people who degrade people with these fetishes makes it even harder for me to open up to others. I don’t even know if it’s acceptable to post this on the subreddit but idk where else to post it, and it’s driving me insane that i can’t trust/tell anyone. If there’s any subreddit that can more or less help me through this, please send some."
MentalBERT,iarici,sadness,False Positive,0.97724086,0.35,0.62724086,hopelessness | worthlessness,"My dark fetishes ### So I’m pretty sure I’m mentally ill n shit and i hate it. I have a rape and pedo fetish and i hate it so fucking much. I hate the fact that i get turned on by someone else’s traumatic incidents. I am getting therapy before it gets worse but the fact that i have it is sickening. I hate it so so much. I’ve never told anyone. Not even my family. Seeing so many people who degrade people with these fetishes makes it even harder for me to open up to others. I don’t even know if it’s acceptable to post this on the subreddit but idk where else to post it, and it’s driving me insane that i can’t trust/tell anyone. If there’s any subreddit that can more or less help me through this, please send some."
RoBERTa,17ahiij,worthlessness,False Positive,0.9771538,0.35,0.6271538,emptiness | hopelessness | loneliness | sadness,trying my best ### it’s getting tiresome. staying “hopeful” feels like a baseless phenomenon to stall time. having no one to turn to is draining. all I can do is sit here and suffer
ClinicalBERT,jwacml,hopelessness,False Positive,0.96672606,0.34,0.62672606,anger | suicide intent,Fuck ### Fuck fuck fuck fuck fuck fuck fuck fuck fuck fuck fuck fuck fuck fuck fuck fuck fuck fuck fuck fuck fuck fuck fuck fuck fuck fuck fuck fuck fuck fuck fuck fuck fuck fuck fuck fuck fuck fuck fuck fuck fuck kill me kill me kill me kill me kill me kill me kill me kill me kill me kill me kill me kill me kill me kill me kill me kill me kill me kill me kill me kill me kill me kill me kill me kill me kill me kill me kill me kill me kill me kill me kill me kill me kill me kill me kill me
RoBERTa,15b612t,suicide intent,False Positive,0.97671366,0.35,0.6267136600000001,hopelessness | sadness,"My girlfriend is the only thing keeping me going ### I have been going in and out of depressive episodes for about 4 years, and I’m so fucking over it. I just want to be dead at this point because every time I get better I eventually become so much fucking worse. I’m chronically bored, I have so many things I could do but non of them interest me anymore. The only time I feel actually happy is when I’m with my girlfriend, and even then the moment she leaves I feel myself immediately slip back into sadness and apathy. I can’t tell her, cause I know it will destroy her. I told her about my past depressive episodes and she was so devastated, I can’t make her feel that way again. I don’t think I’m living to the end of the summer, hell this might be my last post. I feel like I just needed to vent to someone who isn’t my friends. I can’t burden them anymore if I’m gone. Ava I love you, and I’m sorry if I end up killing myself just know it wasn’t you."
ClinicalBERT,13yy4xb,loneliness,False Positive,0.96653706,0.34,0.62653706,anger | hopelessness | worthlessness,"How come i've never met anyone in my entire life who isn't toxic? ### I have never met a friend who doesn't try to one up me, bring me down, or gossip about me behind my back or bad mouth others to me. I've never met a guy who doesn't just want to use me for sex, to inflate his ego, or as some kind of trophy. Every time i meet someone new, i get excited and think they might just be the one who's gonna be different but i realize everyone's the same. I've given up on everything. I don't know how to trust people anymore."
RoBERTa,140fonx,emptiness,False Positive,0.9761292,0.35,0.6261292,hopelessness | loneliness | sadness | worthlessness,Im pathetic ### I didn’t realize social skills were a perishable skills. I can’t can’t operate like a normal human because I’ve been lonely for so long.
RoBERTa,16x0j34,worthlessness,False Positive,0.9758085,0.35,0.6258085,brain dysfunction (forget) | hopelessness | loneliness | sadness | suicide intent,"I'm so tired ### Sometimes I want to just walk into the forest, and never come back.."
ClinicalBERT,17cxoyy,worthlessness,False Positive,0.9656413,0.34,0.6256413000000001,anger | brain dysfunction (forget) | emptiness | hopelessness | loneliness | sadness | suicide intent,some things i want opinions(???) on ### my brain hasn't been the nicest to me lately. whatever that's supposed to mean. any thoughts that ive had have been really strong. sometimes i want everyone dead. i wouldn't do that though. i don't care about much. i care about my family but sometimes can't believe that they actually love me. i want to go back to not eating. completely nothing. the pictures in my head are very clear. i get thin as hell. my family takes me to the er. i refuse to eat anything and they put a hole in stomach for like a feeding tube or something. i don't understand myself either. maybe that's it. cut myself later when i find my stuff again. please help me i don't understand anything anymore.
MentalBERT,gribzu,hopelessness,False Positive,0.97543687,0.35,0.62543687,anger | sadness | suicide intent,"Is this abuse? (15 year old) ### So I live with my mom most of the time, my dad and mom divorced some years ago. But my mom constantly belittles my dad saying that he does not love or care for me. She also gets into arguments with me often and scream and cry’s a lot and says that I don’t love her. One time she started throwing all the sweet things in the house at me while I’m crying on the ground. She called me fat and she said that no kid my age is as fat as I am, I have been hospitalized for suicide attempts before and I have severe depression. I want to live with my dad but she won’t let me. She says that I don’t love her and that I am purposely trying to kill her with stress. Sometimes she says to me that I can’t tell my therapist about the things she does or she will punish me. Idk what to do anymore, is this abuse?"
ClinicalBERT,o5dwl2,hopelessness,False Positive,0.96518475,0.34,0.6251847500000001,emptiness,"Maybe dying isn't bad, maybe it's only silence and peace and nothing. ### Nothing is bad when you live with joy, but believe me: nothing can be the best thing ever when all you've ever known is pain. And I'm so tired of pain."
RoBERTa,ehvw1h,anger,False Positive,0.9750598,0.35,0.6250598,worthlessness,"Everyone assumes military ### I told a coworker a few weeks ago that I had a doctor's appointment and he asked why. I couldn't think of a lie in time so I just told him ""Because I have PTSD"" (which was the truth). His response was, ""You were in the service?"" I said, ""No, my dad was a piece of shit"" to which he just said ""Oh, yeah, me too"" and we stopped talking about it pretty shortly after that. I'm not really angry about it or anything - just bored enough to complain about it - but I hate how everyone assumes that if you have PTSD you must have served in the military. Just weird to me that nobody thinks of all the other possibilities."
ClinicalBERT,14mmqgx,hopelessness,False Positive,0.9650533,0.34,0.6250533,sadness,I'm better off ### I know I'm better off. The father of my child is not a kind man. Hes almost gotten us evicted because he told me he paid the rent when in reality he gambled and lost 3 months in a row. He has been fired 7 times in 2 years and hasn't contributed financially in 17 months so I've been supporting the household needs alone. We cant afford our child's glasses but he somehow always has marijuana. He sleeps all day and doesn't clean. He was in the past very abusive and he keeps telling me how much better things are just because he isn't sleep depriving me anymore by waking me up and undressing me in the middle of the night telling me it looks like I had rough sex to the point I had to go to the ER and the nurses told him there was nothing wrong told him to leave and asked if I was safe at home. I think he's finally gone? I think I am finally cutting ties it's so hard
RoBERTa,lxn18w,worthlessness,False Positive,0.9749169,0.35,0.6249169,emptiness | hopelessness | sadness | suicide intent,Planning suicide is the only thing that makes me feel better anymore ### The only thing that makes me excited anymore is planning my suicide at this point. Constantly being disappointed and frustrated about taking care of everyone around me while my feelings mean nothing to anyone makes me feel kind of empowered about the only thing I have control over. I understand it's not the right way to think and I always fended off these feelings saying it would pass. It hasn't for 27 years. I realized that I've thought about dying and wished for it since my first memory. I've been on medicine. I wasn't happy even when it worked. I just felt trapped. I don't want to keep waking up anymore. I don't want to feel like a disappointment to myself or anyone else anymore. Quarantine probably isn't tremendously helping things but I can't say I felt better before now either.
ClinicalBERT,o301ai,loneliness,False Positive,0.9647889,0.34,0.6247889,anger | emptiness | sadness,"I want to see friends every day of my life ### I have always wanted to have friends that I could see each day of the week. But I feel like 99% of society doesn't want to hang out more than once a week with a friend, even if they are free all week. It's always hurt me that people don't seem to crave connection the way I do. Why should we do everything separately when we could spend time together? Why don't people want to see their friends every day?"
MentalBERT,103mfc1,worthlessness,False Positive,0.97467697,0.35,0.62467697,hopelessness | loneliness | sadness | suicide intent,"I just want to sleep forever ### That’s it, that’s the post."
ClinicalBERT,143mpu6,hopelessness,False Positive,0.9646559,0.34,0.6246559,loneliness,"Feeling horrible because I self isolate when I'm going thru hell mentally ### As the title says I feel so bad for my friends and family when I get into this mood. I literally told my friend I had something to tell her(it was 4am) went to sleep and woke up literally drained. I can't find the energy to call her much less text her. Ive been basically ignoring everyone for the past day and I already know I'm gonna be in this mood for atleast a week but if I text them I'm probably gonna feel even more burnt out. I'm usually the friend who jokes around and makes everyone laugh. I don't usually tell anyone my problems , just disappear and suffer alone"
